rank	document_post_id	document_title	content_words	content_chars	primary_process	primary_collection	category_names	tag_names	document_url
1	2644	ЗАСЕДАНИЕ 15 ЯНВАРЯ 1935 г.	45514	298447	ПРОЦЕСС “МОСКОВСКОГО ЦЕНТРА”	ХОД ПРОЦЕССА	Стенограмма московского центра		http://showtrials.ru/zasedanie-15-yanvarya-1935-g/
2	2618	ЗАСЕДАНИЕ 28 ДЕКАБРЯ 1934 Г.	39450	262901	ПРОЦЕСС “ЛЕНИНГРАДСКОГО ЦЕНТРА”	ХОД ПРОЦЕССА	Стенограмма ленинградского центра		http://showtrials.ru/zasedanie-voennogo-tribunala-verhovnogo-suda-sssr-28-dekabrya-1934-g/
3	9366	Валентин Ольберг	36433	250227	СТАТЬИ	СТАТЬИ	Article		http://showtrials.ru/valentin-olberg/
4	2645	ЗАСЕДАНИЕ 16 ЯНВАРЯ 1935 г.	33569	217431	ПРОЦЕСС “МОСКОВСКОГО ЦЕНТРА”	ХОД ПРОЦЕССА	Стенограмма московского центра		http://showtrials.ru/zasedanie-16-yanvarya-1935-g/
5	8956	Утреннее заседание февральско-мартовского пленума ЦК ВКП(б) 1937 г. (Бухарин и Рыков)	31475	197980	ПРОЦЕСС 2-12 МАРТА 1938 г.	ФЕВРАЛЬСКО-МАРТОВСКИЙ ПЛЕНУМ 1937 г.	Февральско-мартовский пленум	Правые	http://showtrials.ru/utrennee-zasedanie-fevralsko-martovskogo-plenuma-czk-vkpb-1937-g-buharin-i-rykov-2/
6	2539	28 ЯНВАРЯ – ДНЕВНОЕ И ВЕЧЕРНЕЕ ЗАСЕДАНИЯ	28808	203751	ПРОЦЕСС 23-29 ЯНВАРЯ 1937 г.	ХОД ПРОЦЕССА	Стенограмма 1937		http://showtrials.ru/28-yanvarya-dnevnoe-i-vechernee-zasedaniya/
7	5855	Заявление П.Ф. Сапожникова о деятельности организации правых	28468	195887	ПРОЦЕСС 23-29 ЯНВАРЯ 1937 г.	МАТЕРИАЛЫ СЛЕДСТВИЯ	Материалы следствия 1937	Правые	http://showtrials.ru/zayavlenie-p-f-sapozhnikova-o-deyatelnosti-organizaczii-pravyh/
8	9470	Георгий Борисович Синани-Скалов	27232	188042	СТАТЬИ	СТАТЬИ	Article		http://showtrials.ru/georgij-borisovich-sinani-skalov/
9	2444	20 АВГУСТА – ВЕЧЕРНЕЕ ЗАСЕДАНИЕ	24757	162817	ПРОЦЕСС 19-23 АВГУСТА 1936 г.	ХОД ПРОЦЕССА	Стенограмма 1936		http://showtrials.ru/20-avgusta-vechernee-zasedanie/
10	7995	Спецсообщение Н.И. Ежова И.В. Сталину с приложением тюремных записок В.В. Кузьмина	24651	179437	ПРОЦЕСС 2-12 МАРТА 1938 г.	ДРУГИЕ ДОКУМЕНТЫ	Другие документы 1938	Правые	http://showtrials.ru/speczsoobshhenie-n-i-ezhova-i-v-stalinu-s-prilozheniem-tyuremnyh-zapisok-v-v-kuzmina/
11	4811	Черновой (неправленый) вариант стенограммы вечернего заседания июньского пленума ЦК ВКП(б) 1935 г.	24286	167889	КРЕМЛЕВСКОЕ ДЕЛО	МАТЕРИАЛЫ ПАРТИЙНОЙ ПРОВЕРКИ	Июньский пленум ЦК 1935 г.		http://showtrials.ru/chernovoj-nepravlenyj-variant-stenogrammy-vechrnego-zasedaniya-iyunskogo-plenuma-czk-vkpb-1935-g/
12	2443	20 АВГУСТА – УТРЕННЕЕ ЗАСЕДАНИЕ	24160	162872	ПРОЦЕСС 19-23 АВГУСТА 1936 г.	ХОД ПРОЦЕССА	Стенограмма 1936		http://showtrials.ru/20-avgusta-utrennee-zasedanie/
13	8690	Заявление Н.И. Бухарина членам Пленума ЦК ВКП(б)	23811	152954	ПРОЦЕСС 2-12 МАРТА 1938 г.	БУХАРИН	Бухарин	Бухарин	http://showtrials.ru/zayavlenie-n-i-buharina-chlenam-plenuma-czk-vkpb/
14	8938	Вечернее заседание февральско-мартовского пленума ЦК ВКП(б) 1937 г. (Бухарин и Рыков)	23068	149749	ПРОЦЕСС 2-12 МАРТА 1938 г.	ФЕВРАЛЬСКО-МАРТОВСКИЙ ПЛЕНУМ 1937 г.	Февральско-мартовский пленум	Правые	http://showtrials.ru/vechernee-zasedanie-buharin-i-rykov/
15	1790	19 АВГУСТА – УТРЕННЕЕ ЗАСЕДАНИЕ	22673	157805	ПРОЦЕСС 19-23 АВГУСТА 1936 г.	ХОД ПРОЦЕССА	Стенограмма 1936		http://showtrials.ru/utro-19-avgusta-1936/
16	8954	Вечернее заседание февральско-мартовского пленума ЦК ВКП(б) 1937 г. (Бухарин и Рыков)	22327	145376	ПРОЦЕСС 2-12 МАРТА 1938 г.	ФЕВРАЛЬСКО-МАРТОВСКИЙ ПЛЕНУМ 1937 г.	Февральско-мартовский пленум	Правые	http://showtrials.ru/vechernee-zasedanie-fevralsko-martovskogo-plenuma-czk-vkpb-1937-g-buharin-i-rykov/
17	1847	19 АВГУСТА – ВЕЧЕРНЕЕ ЗАСЕДАНИЕ	22092	149944	ПРОЦЕСС 19-23 АВГУСТА 1936 г.	ХОД ПРОЦЕССА	Стенограмма 1936		http://showtrials.ru/19-avgusta-chast-2-vecher/
18	2478	21 АВГУСТА – УТРЕННЕЕ ЗАСЕДАНИЕ	22083	145161	ПРОЦЕСС 19-23 АВГУСТА 1936 г.	ХОД ПРОЦЕССА	Стенограмма 1936		http://showtrials.ru/21-avgusta-utrennee-zasedanie/
19	8173	Спецсообщение Г.Г. Ягоды И.В. Сталину о троцкистской группе И.Н. Смирнова с приложением списков троцкистов	21567	158588	ПРОЦЕСС 19-23 АВГУСТА 1936 г.	МАТЕРИАЛЫ СЛЕДСТВИЯ	Материалы следствия 1936	Троцкистский центр	http://showtrials.ru/speczsoobshhenie-g-g-yagody-i-v-stalinu-o-troczkistskoj-gruppe-i-n-smirnova-s-prilozheniem-spiskov-troczkistov/
20	5660	Записка Г.Г. Ягоды И.В. Сталину с приложением справок на участников троцкистской организации и проекта постановления о предании их суду ВКВС СССР по закону от 1 декабря 1934 г.	21305	152053	ПРОЦЕСС 19-23 АВГУСТА 1936 г.	МАТЕРИАЛЫ СЛЕДСТВИЯ	Материалы следствия 1936	Группа Ольберга | Троцкистский центр | Зиновьевский центр | Юрий Гавен | Украинская группа (НКВД УССР) | Группа В.М. Попова (УНКВД СССР по Горькраю) | Группа Шемелева | Группа Дмитриева | Ленинградская группа | Горьковская группа	http://showtrials.ru/zapiska-g-g-yagody-i-v-stalinu-s-prilozheniem-spravok-na-uchastnikov-troczkistskoj-organizaczii-i-proekta-postanovleniya-o-predanii-ih-sudu-vkvs-sssr-po-zakonu-ot-1-dekabrya-1934-g/
21	2521	24 ЯНВАРЯ – УТРЕННЕЕ ЗАСЕДАНИЕ	20282	131485	ПРОЦЕСС 23-29 ЯНВАРЯ 1937 г.	ХОД ПРОЦЕССА	Стенограмма 1937		http://showtrials.ru/24-yanvarya-utrennee-zasedanie/
22	2527	26 ЯНВАРЯ – ВЕЧЕРНЕЕ ЗАСЕДАНИЕ	19952	129628	ПРОЦЕСС 23-29 ЯНВАРЯ 1937 г.	ХОД ПРОЦЕССА	Стенограмма 1937		http://showtrials.ru/26-yanvarya-vechernee-zasedanie/
23	4810	Опубликованный вариант стенографического отчета вечернего заседания июньского пленума ЦК ВКП(б) 1935 г.	19872	138986	КРЕМЛЕВСКОЕ ДЕЛО	МАТЕРИАЛЫ ПАРТИЙНОЙ ПРОВЕРКИ	Июньский пленум ЦК 1935 г.		http://showtrials.ru/opublikovannyj-variant-stenograficheskogo-otcheta-vechernego-zasedaniya-iyunskogo-plenuma-czk-vkpb-1935-g/
24	11413	Стенограмма заседания Президиума ЦКК ВКП(б)	19509	123250	ПРОЦЕСС “МОСКОВСКОГО ЦЕНТРА”	ДРУГИЕ ДОКУМЕНТЫ	Другие документы московского центра		http://showtrials.ru/stenogramma-zasedaniya-prezidiuma-czkk-vkpb/
25	8946	Вечернее заседание февральско-мартовского пленума ЦК ВКП(б) 1937 г. (Бухарин и Рыков)	18794	113463	ПРОЦЕСС 2-12 МАРТА 1938 г.	ФЕВРАЛЬСКО-МАРТОВСКИЙ ПЛЕНУМ 1937 г.	Февральско-мартовский пленум	Правые	http://showtrials.ru/vechernee-zasedanie-fevralsko-martovskogo-plenuma-czk-vkpb-1937-g/
26	2523	25 ЯНВАРЯ – УТРЕННЕЕ ЗАСЕДАНИЕ	18369	122898	ПРОЦЕСС 23-29 ЯНВАРЯ 1937 г.	ХОД ПРОЦЕССА	Стенограмма 1937		http://showtrials.ru/25-yanvarya-utrennee-zasedanie/
27	2525	25 ЯНВАРЯ – ВЕЧЕРНЕЕ ЗАСЕДАНИЕ	18368	120569	ПРОЦЕСС 23-29 ЯНВАРЯ 1937 г.	ХОД ПРОЦЕССА	Стенограмма 1937		http://showtrials.ru/25-yanvarya-vechernee-zasedanie/
28	2480	22 АВГУСТА – УТРЕННЕЕ ЗАСЕДАНИЕ	18176	124294	ПРОЦЕСС 19-23 АВГУСТА 1936 г.	ХОД ПРОЦЕССА	Стенограмма 1936		http://showtrials.ru/22-avgusta-utrennee-zasedanie/
29	2536	27 ЯНВАРЯ – УТРЕННЕЕ ЗАСЕДАНИЕ	18159	123005	ПРОЦЕСС 23-29 ЯНВАРЯ 1937 г.	ХОД ПРОЦЕССА	Стенограмма 1937		http://showtrials.ru/27-yanvarya-utrennee-zasedanie/
30	8951	Утреннее заседание февральско-мартовского пленума ЦК ВКП(б) 1937 г. (Бухарин и Рыков)	17585	115412	ПРОЦЕСС 2-12 МАРТА 1938 г.	ФЕВРАЛЬСКО-МАРТОВСКИЙ ПЛЕНУМ 1937 г.	Февральско-мартовский пленум	Правые	http://showtrials.ru/utrennee-zasedanie-fevralsko-martovskogo-plenuma-czk-vkpb-1937-g-buharin-i-rykov/
31	2519	23 ЯНВАРЯ – ВЕЧЕРНЕЕ ЗАСЕДАНИЕ	17117	115959	ПРОЦЕСС 23-29 ЯНВАРЯ 1937 г.	ХОД ПРОЦЕССА	Стенограмма 1937		http://showtrials.ru/23-yanvarya-vechernee-zasedanie/
32	2522	24 ЯНВАРЯ – ВЕЧЕРНЕЕ ЗАСЕДАНИЕ	17023	114606	ПРОЦЕСС 23-29 ЯНВАРЯ 1937 г.	ХОД ПРОЦЕССА	Стенограмма 1937		http://showtrials.ru/24-yanvarya-vechernee-zasedanie/
33	2526	26 ЯНВАРЯ – УТРЕННЕЕ ЗАСЕДАНИЕ	16398	109501	ПРОЦЕСС 23-29 ЯНВАРЯ 1937 г.	ХОД ПРОЦЕССА	Стенограмма 1937		http://showtrials.ru/26-yanvarya-utrennee-zasedanie/
34	8849	Спецсообщение Н.И. Ежова И.В. Сталину с приложением “Тезисов о современном положении и задачах партии”	14417	105764	ПРОЦЕСС 2-12 МАРТА 1938 г.	БУХАРИН	Бухарин	Правые | Бухарин	http://showtrials.ru/speczsoobshhenie-n-i-ezhova-i-v-stalinu-s-prilozheniem-tezisov-o-sovremennom-polozhenii-i-zadachah-partii/
35	2481	22 АВГУСТА – ВЕЧЕРНЕЕ ЗАСЕДАНИЕ	14056	91854	ПРОЦЕСС 19-23 АВГУСТА 1936 г.	ХОД ПРОЦЕССА	Стенограмма 1936		http://showtrials.ru/22-avgusta-vechernee-zasedanie/
36	2537	27 ЯНВАРЯ – ВЕЧЕРНЕЕ ЗАСЕДАНИЕ	13920	95093	ПРОЦЕСС 23-29 ЯНВАРЯ 1937 г.	ХОД ПРОЦЕССА	Стенограмма 1937		http://showtrials.ru/27-yanvarya-vechernee-zasedanie/
37	2482	23 АВГУСТА – УТРЕННЕЕ ЗАСЕДАНИЕ	13886	91059	ПРОЦЕСС 19-23 АВГУСТА 1936 г.	ХОД ПРОЦЕССА	Стенограмма 1936		http://showtrials.ru/23-avgusta-utrennee-zasedanie/
38	2540	29 ЯНВАРЯ – УТРЕННЕЕ ЗАСЕДАНИЕ	13380	88376	ПРОЦЕСС 23-29 ЯНВАРЯ 1937 г.	ХОД ПРОЦЕССА	Стенограмма 1937		http://showtrials.ru/29-yanvarya-utrennee-zasedanie/
39	7988	Спецсообщение Н.И. Ежова И.В. Сталину с приложением заявления Д.П. Марецкого Н.И. Ежову	11185	80657	ПРОЦЕСС 2-12 МАРТА 1938 г.	МАТЕРИАЛЫ СЛЕДСТВИЯ	Материалы следствия 1938	Правые	http://showtrials.ru/speczsoobshhenie-n-i-ezhova-i-v-stalinu-s-prilozheniem-zayavleniya-d-p-mareczkogo-n-i-ezhovu/
40	10470	Спецсообщение Я.С. Агранова И.В. Сталину с приложением меморандума по делу арестованных троцкистов	10727	81158	ПРОЦЕСС 19-23 АВГУСТА 1936 г.	МАТЕРИАЛЫ СЛЕДСТВИЯ	Материалы следствия 1936	Троцкистский центр	http://showtrials.ru/speczsoobshhenie-ya-s-agranova-i-v-stalinu-s-prilozheniem-memoranduma-po-delu-arestovannyh-troczkistov/
41	2508	23 ЯНВАРЯ – УТРЕННЕЕ ЗАСЕДАНИЕ	10491	70994	ПРОЦЕСС 23-29 ЯНВАРЯ 1937 г.	ХОД ПРОЦЕССА	Стенограмма 1937		http://showtrials.ru/23-yanvarya-utrennee-zasedanie/
42	2479	21 АВГУСТА – ВЕЧЕРНЕЕ ЗАСЕДАНИЕ	10361	67664	ПРОЦЕСС 19-23 АВГУСТА 1936 г.	ХОД ПРОЦЕССА	Стенограмма 1936		http://showtrials.ru/21-avgusta-vechernee-zasedanie/
43	4203	Спецсообщение Г.Г. Ягоды Н.И. Ежову с приложением заявления М.С. Голендо в ЦК ВКП(б) от 1 июля 1935 г. и заметок из газеты “Правда”.	9927	67013	ПРОЦЕСС 19-23 АВГУСТА 1936 г.	ДРУГИЕ ДОКУМЕНТЫ	Другие документы 1936		http://showtrials.ru/speczsoobshhenie-g-g-yagody-n-i-ezhovu-s-prilozheniem-zayavleniya-m-s-golendo-v-czk-vkpb-ot-1-iyulya-1935-g-i-zametok-iz-gazety-pravda/
44	5863	Протокол допроса М.С. Строилова	9705	64769	ПРОЦЕСС 23-29 ЯНВАРЯ 1937 г.	МАТЕРИАЛЫ СЛЕДСТВИЯ	Материалы следствия 1937	Вредители в угольной промышленности	http://showtrials.ru/protokol-doprosa-m-s-stroilova/
45	7162	Спецсообщение Н.И. Ежова И.В. Сталину с приложением протокола допроса В.Н. Астрова	9602	65680	ПРОЦЕСС 23-29 ЯНВАРЯ 1937 г.	МАТЕРИАЛЫ СЛЕДСТВИЯ	Материалы следствия 1937	Правые	http://showtrials.ru/speczsoobshhenie-n-i-ezhova-i-v-stalinu-s-prilozheniem-protokola-doprosa-v-n-astrova/
46	8048	Спецсообщение Н.И. Ежова И.В. Сталину с приложением протокола допроса Л.Д. Гогоберидзе	9555	63717	ПРОЦЕСС 2-12 МАРТА 1938 г.	МАТЕРИАЛЫ СЛЕДСТВИЯ	Материалы следствия 1938	Троцкисты Азово-Черноморского края	http://showtrials.ru/speczsoobshhenie-n-i-ezhova-i-v-stalinu-s-prilozheniem-protokola-doprosa-l-d-gogoberidze-2/
47	8617	Стенограмма очной ставки между В.Н. Астровым и Н.И. Бухариным в ЦК ВКП(б)	9555	61075	ПРОЦЕСС 2-12 МАРТА 1938 г.	БУХАРИН	Бухарин	Правые | Бухарин	http://showtrials.ru/stenogramma-ochnoj-stavki-mezhdu-v-n-astrovym-i-n-i-buharinym-v-czk-vkpb/
48	5779	Письмо А.Л. Леонтьева секретарю ЦК ВКП(б) и Председателю КПК при ЦК ВКП(б) Н.И. Ежову с приложением справки СПО ГУГБ НКВД СССР	9013	58553	ПРОЦЕСС 19-23 АВГУСТА 1936 г.	ДРУГИЕ ДОКУМЕНТЫ	Другие документы 1936		http://showtrials.ru/pismo-a-l-leonteva-sekretaryu-czk-vkpb-i-predsedatelyu-kpk-pri-czk-vkpb-n-i-ezhovu-s-prilozheniem-spravki-spo-gugb-nkvd-sssr/
49	7101	Спецсообщение Н.И. Ежова И.В. Сталину с приложением протокола допроса Я.А. Лившица	8959	59994	ПРОЦЕСС 23-29 ЯНВАРЯ 1937 г.	МАТЕРИАЛЫ СЛЕДСТВИЯ	Материалы следствия 1937	Параллельный центр | Вредители на железной дороге	http://showtrials.ru/speczsoobshhenie-n-i-ezhova-i-v-stalinu-s-prilozheniem-protokola-doprosa-ya-a-livshicza/
50	7840	Спецсообщение Н.И. Ежова И.В. Сталину с приложением протокола допроса А.Г. Белобородова	8633	56651	ПРОЦЕСС 2-12 МАРТА 1938 г.	МАТЕРИАЛЫ СЛЕДСТВИЯ	Материалы следствия 1938	Троцкисты Азово-Черноморского края	http://showtrials.ru/speczsoobshhenie-n-i-ezhova-i-v-stalinu-s-prilozheniem-protokola-doprosa-a-g-beloborodova/
51	7561	Спецсообщение Н.И. Ежова И.В. Сталину с приложением протокола допроса Б.П. Нестерова	8605	58282	ПРОЦЕСС 2-12 МАРТА 1938 г.	МАТЕРИАЛЫ СЛЕДСТВИЯ	Материалы следствия 1938	Правые	http://showtrials.ru/speczsoobshhenie-n-i-ezhova-i-v-stalinu-s-prilozheniem-protokola-doprosa-b-p-nesterova/
52	4423	Протокол очной ставки между Г.Е. Зиновьевым и Г.И. Сафаровым	8424	53908	ПРОЦЕСС “МОСКОВСКОГО ЦЕНТРА”	МАТЕРИАЛЫ СЛЕДСТВИЯ	Материалы следствия московского центра		http://showtrials.ru/protokol-ochnoj-stavki-mezhdu-g-e-zinovevym-i-g-i-safarovym/
53	6309	Спецсообщение Н.И. Ежова И.В. Сталину с приложением протокола допроса Ю.Л. Пятакова	8273	57252	ПРОЦЕСС 23-29 ЯНВАРЯ 1937 г.	МАТЕРИАЛЫ СЛЕДСТВИЯ	Материалы следствия 1937	Группа Пятакова	http://showtrials.ru/speczsoobshhenie-n-i-ezhova-i-v-stalinu-s-prilozheniem-protokola-doprosa-yu-l-pyatakova-4/
54	8430	Запись разговоров по объекту “В-87”	8099	48430	ПРОЦЕСС 2-12 МАРТА 1938 г.	БУХАРИН	Прослушка	Бухарин	http://showtrials.ru/zapis-razgovorov-po-obektu-v-87-25/
55	7792	Спецсообщение Н.И. Ежова И.В. Сталину с приложением протокола допроса С.Н. Радина	7768	53671	ПРОЦЕСС 2-12 МАРТА 1938 г.	МАТЕРИАЛЫ СЛЕДСТВИЯ	Материалы следствия 1938	Правые	http://showtrials.ru/speczsoobshhenie-n-i-ezhova-i-v-stalinu-s-prilozheniem-protokola-doprosa-s-n-radina/
56	8725	Показания Н.И. Бухарина	7698	54103	ПРОЦЕСС 2-12 МАРТА 1938 г.	БУХАРИН	Материалы следствия 1938 | Бухарин	Правые | Бухарин	http://showtrials.ru/pokazaniya-n-i-buharina/
57	7517	Спецсообщение Н.И. Ежова И.В. Сталину с приложением протокола допроса Г.А. Молчанова	7579	49920	ПРОЦЕСС 2-12 МАРТА 1938 г.	МАТЕРИАЛЫ СЛЕДСТВИЯ	Материалы следствия 1938	Правые	http://showtrials.ru/speczsoobshhenie-n-i-ezhova-i-v-stalinu-s-prilozheniem-protokola-doprosa-g-a-molchanova/
58	4583	Список лиц, арестованных по делу “террористической зиновьевской организации”	7546	54365	ПРОЦЕСС “МОСКОВСКОГО ЦЕНТРА”	ДРУГИЕ ДОКУМЕНТЫ	Другие документы московского центра		http://showtrials.ru/spisok-licz-arestovannyh-po-delu-terroristicheskoj-zinovevskoj-organizaczii/
59	6762	Проект обвинительного заключения по делу “троцкистско-зиновьевского террористического центра”	7424	54006	ПРОЦЕСС 19-23 АВГУСТА 1936 г.	МАТЕРИАЛЫ СЛЕДСТВИЯ	Материалы следствия 1936		http://showtrials.ru/proekt-obvinitelnogo-zaklyucheniya-po-delu-troczkistsko-zinovevskogo-terroristicheskogo-czentra/
60	5917	Заявление Ю.Л. Пятакова Народному комиссару внутренних дел СССР Н.И. Ежову	7379	50157	ПРОЦЕСС 23-29 ЯНВАРЯ 1937 г.	МАТЕРИАЛЫ СЛЕДСТВИЯ	Материалы следствия 1937	Группа Пятакова	http://showtrials.ru/zayavlenie-yu-l-pyatakova-narodnomu-komissaru-vnutrennih-del-sssr-n-i-ezhovu/
61	5800	Спецсообщение Г.Г. Ягоды И.В. Сталину с приложением протокола допроса А.А. Шестова	7254	46881	ПРОЦЕСС 23-29 ЯНВАРЯ 1937 г.	МАТЕРИАЛЫ СЛЕДСТВИЯ	Материалы следствия 1937	Вредители в угольной промышленности | Группа Пятакова	http://showtrials.ru/speczsoobshhenie-g-g-yagody-i-v-stalinu-s-prilozheniem-protokola-doprosa-a-a-shestova/
62	5904	Спецсообщение Н.И. Ежова И.В. Сталину с приложением заявления К.Б. Радека о своей невиновности	7179	47264	ПРОЦЕСС 23-29 ЯНВАРЯ 1937 г.	МАТЕРИАЛЫ СЛЕДСТВИЯ	Материалы следствия 1937	Группа Радека	http://showtrials.ru/speczsoobshhenie-n-i-ezhova-i-v-stalinu-s-prilozheniem-zayavleniya-k-b-radeka-o-svoej-nevinovnosti/
63	5723	Закрытое письмо ЦК ВКП(б) от 29 июля 1936 г.	7110	51694	ПРОЦЕСС 19-23 АВГУСТА 1936 г.	СПРАВКА	Материалы следствия 1936	Троцкистский центр | Зиновьевский центр	http://showtrials.ru/zakrytoe-pismo-czk-vkpb-ot-29-iyulya-1936-g/
64	6265	Спецсообщение Н.И. Ежова И.В. Сталину с приложением протокола допроса Л.С. Сосновского	7049	47930	ПРОЦЕСС 23-29 ЯНВАРЯ 1937 г.	МАТЕРИАЛЫ СЛЕДСТВИЯ	Материалы следствия 1937	Правые | Группа Радека	http://showtrials.ru/speczsoobshhenie-n-i-ezhova-i-v-stalinu-s-prilozheniem-protokola-doprosa-l-s-sosnovskogo/
65	4849	Справка по “Кремлевскому делу” для подготовки доклада Н.И. Ежова на июньском пленуме ЦК 1935 г. с выдержками из показаний обвиняемых	7010	49353	КРЕМЛЕВСКОЕ ДЕЛО	ДРУГИЕ ДОКУМЕНТЫ	Прочие документы		http://showtrials.ru/spravka-po-kremlevskomu-delu-dlya-podgotovki-doklada-n-i-ezhova-na-iyunskom-plenume-czk-1935-g-s-vyderzhkami-iz-pokazanij-obvinyaemyh/
66	7462	Спецсообщение Н.И. Ежова И.В. Сталину с приложением протокола допроса А.Д. Зайцева	7001	46557	ПРОЦЕСС 23-29 ЯНВАРЯ 1937 г.	МАТЕРИАЛЫ СЛЕДСТВИЯ	Материалы следствия 1937	Правые	http://showtrials.ru/speczsoobshhenie-n-i-ezhova-i-v-stalinu-s-prilozheniem-protokola-doprosa-a-d-zajczeva/
67	6550	Спецсообщение Н.И. Ежова И.В. Сталину с приложением протокола допроса М.А. Жарикова	6932	50121	ПРОЦЕСС 23-29 ЯНВАРЯ 1937 г.	МАТЕРИАЛЫ СЛЕДСТВИЯ	Материалы следствия 1937	Группа Пятакова	http://showtrials.ru/speczsoobshhenie-n-i-ezhova-i-v-stalinu-s-prilozheniem-protokola-doprosa-m-a-zharikova-2/
68	10713	Der Fall Valentin Olberg – неопубликованное открытое письмо К. Ландау П.К. Ольбергу о деле его сына	6846	46577	ПРОЦЕСС 19-23 АВГУСТА 1936 г.	ОЛЬБЕРГ	Ольберг		http://showtrials.ru/der-fall-valentin-olberg-neopublikovannoe-otkrytoe-pismo-k-landau-p-k-olbergu-o-dele-ego-syna/
69	2485	ОТЧЕТ О ХОДЕ ПРОЦЕССА ПО МАТЕРИАЛАМ ГАЗЕТЫ “ПРАВДА”	6829	48440	ПРОЦЕСС 19-23 АВГУСТА 1936 г.	ХОД ПРОЦЕССА	Стенограмма 1936		http://showtrials.ru/otchet-o-hode-proczessa-po-materialam-gazety-pravda/
70	8609	Протокол очной ставки между Н.И. Бухариным и Е.Ф. Куликовым в ЦК ВКП(б)	6804	42832	ПРОЦЕСС 2-12 МАРТА 1938 г.	БУХАРИН	Бухарин	Правые | Бухарин	http://showtrials.ru/protokol-ochnoj-stavki-mezhdu-n-i-buharinym-i-e-f-kulikovym-v-czk-vkpb/
71	9408	Протокол заседания комиссии по чистке парторганизации Коминтерна – Г.Б. Синани-Скалов	6711	43948	КРЕМЛЕВСКОЕ ДЕЛО	Г.Б. СИНАНИ-СКАЛОВ	Синани		http://showtrials.ru/protokol-zasedaniya-komissii-po-chistke-partorganizaczii-kominterna-g-b-sinani-skalov/
72	5879	Протокол допроса М.С. Строилова	6687	45255	ПРОЦЕСС 23-29 ЯНВАРЯ 1937 г.	МАТЕРИАЛЫ СЛЕДСТВИЯ	Материалы следствия 1937	Вредители в угольной промышленности	http://showtrials.ru/protokol-doprosa-m-s-stroilova-2/
73	5265	Спецсообщение Г.Г. Ягоды И.В. Сталину с приложением заявления и тюремных записок Г.Е. Зиновьева	6596	42177	ПРОЦЕСС 19-23 АВГУСТА 1936 г.	СПРАВКА	Материалы следствия 1936		http://showtrials.ru/speczsoobshhenie-g-g-yagody-i-v-stalinu-s-prilozheniem-zayavleniya-i-tyuremnyh-zapisok-g-e-zinoveva/
74	7214	Спецсообщение Г.Г. Ягоды И.В. Сталину с приложением документов, найденных при обыске у Н.В. Комогорова	6540	48063	РАЗНЫЕ ДОКУМЕНТЫ	РАЗНЫЕ ДОКУМЕНТЫ	Разные документы		http://showtrials.ru/speczsoobshhenie-g-g-yagody-i-v-stalinu-s-prilozheniem-dokumentov-nadejnnyh-pri-obyske-u-n-v-komogorova/
75	5925	Спецсообщение Н.И. Ежова И.В. Сталину с приложением протокола допроса К.Б. Радека	6506	44301	ПРОЦЕСС 23-29 ЯНВАРЯ 1937 г.	МАТЕРИАЛЫ СЛЕДСТВИЯ	Материалы следствия 1937	Группа Радека	http://showtrials.ru/speczsoobshhenie-n-i-ezhova-i-v-stalinu-s-prilozheniem-protokola-doprosa-k-b-radeka-2/
76	7724	Спецсообщение Н.И. Ежова И.В. Сталину с приложением протокола допроса В.Г. Яковенко	6468	42554	ПРОЦЕСС 2-12 МАРТА 1938 г.	МАТЕРИАЛЫ СЛЕДСТВИЯ	Материалы следствия 1938	Партизаны	http://showtrials.ru/speczsoobshhenie-n-i-ezhova-i-v-stalinu-s-prilozheniem-protokola-doprosa-v-g-yakovenko/
77	7787	Спецсообщение Н.И. Ежова И.В. Сталину с приложением протокола допроса А.Д. Зайцева	6394	46127	ПРОЦЕСС 2-12 МАРТА 1938 г.	МАТЕРИАЛЫ СЛЕДСТВИЯ	Материалы следствия 1938	Правые	http://showtrials.ru/speczsoobshhenie-n-i-ezhova-i-v-stalinu-s-prilozheniem-protokola-doprosa-a-d-zajczeva-2/
78	8702	Протокол допроса Н.И. Бухарина	6338	42797	ПРОЦЕСС 2-12 МАРТА 1938 г.	БУХАРИН	Бухарин | Материалы следствия 1938	Бухарин | Правые	http://showtrials.ru/protokol-doprosa-n-i-buharina/
79	6316	Спецсообщение Н.И. Ежова И.В. Сталину с приложением протокола допроса И.Д. Турока	6321	45127	ПРОЦЕСС 23-29 ЯНВАРЯ 1937 г.	МАТЕРИАЛЫ СЛЕДСТВИЯ	Материалы следствия 1937	Вредители на железной дороге	http://showtrials.ru/speczsoobshhenie-n-i-ezhova-i-v-stalinu-s-prilozheniem-protokola-doprosa-i-d-turoka/
80	2487	ОТЧЕТ О ХОДЕ ПРОЦЕССА ПО МАТЕРИАЛАМ ГАЗЕТЫ THE NEW YORK TIMES	6258	38218	ПРОЦЕСС 19-23 АВГУСТА 1936 г.	ХОД ПРОЦЕССА	Стенограмма 1936		http://showtrials.ru/otchet-o-hode-proczessa-po-materialam-gazety-the-new-york-times/
81	9431	Стенограмма заседания парткома ИККИ по вопросу о Г.Б. Синани-Скалове	6238	44377	КРЕМЛЕВСКОЕ ДЕЛО	Г.Б. СИНАНИ-СКАЛОВ	Синани		http://showtrials.ru/stenogramma-zasedaniya-partkoma-ikki-po-voprosu-o-g-b-sinani-skalove/
82	8621	Стенограмма очной ставки между К.Б. Радеком и Н.И. Бухариным в ЦК ВКП(б)	6169	38757	ПРОЦЕСС 2-12 МАРТА 1938 г.	БУХАРИН	Бухарин	Правые | Бухарин	http://showtrials.ru/stenogramma-ochnoj-stavki-mezhdu-k-b-radekom-i-n-i-buharinym-v-czk-vkpb/
83	7665	Заявление В.В. Шмидта И.В. Сталину и Н.И. Ежову	6062	41282	ПРОЦЕСС 2-12 МАРТА 1938 г.	МАТЕРИАЛЫ СЛЕДСТВИЯ	Материалы следствия 1938	Правые	http://showtrials.ru/zayavlenie-v-v-shmidta-i-v-stalinu-i-n-i-ezhovu/
84	7878	Спецсообщение Н.И. Ежова И.В. Сталину с приложением протокола допроса В.Ф. Головина	5999	44167	ПРОЦЕСС 2-12 МАРТА 1938 г.	МАТЕРИАЛЫ СЛЕДСТВИЯ	Материалы следствия 1938	Уральские троцкисты	http://showtrials.ru/speczsoobshhenie-n-i-ezhova-i-v-staltinu-s-prilozheniem-protokola-doprosa-v-f-golovina/
85	7627	Спецсообщение Н.И. Ежова И.В. Сталину с приложением протокола допроса П.К. Александрова	5994	40368	ПРОЦЕСС 2-12 МАРТА 1938 г.	МАТЕРИАЛЫ СЛЕДСТВИЯ	Материалы следствия 1938	Правые	http://showtrials.ru/speczsoobshhenie-n-i-ezhova-i-v-stalinu-s-prilozheniem-protokola-doprosa-2/
86	6527	Спецсообщение Н.И. Ежова И.В. Сталину с приложением протокола допроса К.Б. Радека	5989	42087	ПРОЦЕСС 23-29 ЯНВАРЯ 1937 г.	МАТЕРИАЛЫ СЛЕДСТВИЯ	Материалы следствия 1937	Группа Радека | Параллельный центр	http://showtrials.ru/speczsoobshhenie-n-i-ezhova-i-v-stalinu-s-prilozheniem-protokola-doprosa-k-b-radeka-4/
87	7625	Спецсообщение Н.И. Ежова И.В. Сталину с приложением протокола допроса М.Г. Грольмана	5937	41518	ПРОЦЕСС 2-12 МАРТА 1938 г.	МАТЕРИАЛЫ СЛЕДСТВИЯ	Материалы следствия 1938	Правые	http://showtrials.ru/speczsoobshhenie-n-i-ezhova-i-v-stalinu-s-prilozheniem-protokola-doprosa-m-g-grolmana/
88	5859	Протокол допроса В.А. Финашина	5929	39247	ПРОЦЕСС 23-29 ЯНВАРЯ 1937 г.	МАТЕРИАЛЫ СЛЕДСТВИЯ	Материалы следствия 1937	Вредители на железной дороге	http://showtrials.ru/protokol-doprosa-v-a-finashina/
89	4288	Выписка из стенографического отчета закрытого партсобрания редколлектива газеты “Известия” (выступления К.Б. Радека)	5918	37283	ПРОЦЕСС 23-29 ЯНВАРЯ 1937 г.	ДРУГИЕ ДОКУМЕНТЫ	Другие документы 1937		http://showtrials.ru/vypiska-iz-stenograficheskogo-otcheta-zakrytogo-partsobraniya-redkollektiva-gazety-izvestiya-vystupleniya-k-b-radeka/
90	5732	Спецсообщение Г.Г. Ягоды Н.И. Ежову с приложением протокола допроса С.М. Закса-Гладнева	5896	39536	ПРОЦЕСС 23-29 ЯНВАРЯ 1937 г.	МАТЕРИАЛЫ СЛЕДСТВИЯ	Материалы следствия 1936 | Материалы следствия 1937	Группа Радека	http://showtrials.ru/speczsoobshhenie-g-g-yagody-n-i-ezhovu-s-prilozheniem-protokola-doprosa-s-m-zaksa-gladneva/
91	7548	Спецсообщение Н.И. Ежова И.В. Сталину с приложением протокола допроса Л.Я. Любарского и выписки из протокола заседания бюро ГК ВКП(б) г. Шахты	5893	39952	ПРОЦЕСС 23-29 ЯНВАРЯ 1937 г.	МАТЕРИАЛЫ СЛЕДСТВИЯ	Материалы следствия 1937	Троцкисты Азово-Черноморского края	http://showtrials.ru/speczsoobshhenie-n-i-ezhova-i-v-stalinu-s-prilozheniem-protokola-doprosa-l-ya-lyubarskogo-i-vypiski-iz-protokola-zasedaniya-byuro-gk-vkpb-g-shahty/
92	5873	Спецсообщение Н.И. Ежова И.В. Сталину с приложением протокола допроса А.А. Шестова	5883	39110	ПРОЦЕСС 23-29 ЯНВАРЯ 1937 г.	МАТЕРИАЛЫ СЛЕДСТВИЯ	Материалы следствия 1937	Вредители в угольной промышленности	http://showtrials.ru/speczsoobshhenie-n-i-ezhova-i-v-stalinu-s-prilozheniem-protokola-doprosa-a-a-shestova/
93	5850	Протокол допроса Я.И. Зайдмана	5838	39321	ПРОЦЕСС 23-29 ЯНВАРЯ 1937 г.	МАТЕРИАЛЫ СЛЕДСТВИЯ	Материалы следствия 1937	Вредители в угольной промышленности	http://showtrials.ru/protokol-doprosa-ya-i-zajdmana/
94	5664	Спецсообщение Г.Г. Ягоды И.В. Сталину с приложением протокола допроса Е.А. Дрейцера	5800	39699	ПРОЦЕСС 19-23 АВГУСТА 1936 г.	МАТЕРИАЛЫ СЛЕДСТВИЯ	Материалы следствия 1936	Троцкистский центр	http://showtrials.ru/speczsoobshhenie-g-g-yagody-i-v-stalinu-s-prilozheniem-protokola-doprosa-e-a-drejczera-2/
95	7756	Спецсообщение Н.И. Ежова И.В. Сталину с приложением протокола допроса М.В. Бурштейна	5757	39371	ПРОЦЕСС 2-12 МАРТА 1938 г.	МАТЕРИАЛЫ СЛЕДСТВИЯ	Материалы следствия 1938	Вредители на железной дороге	http://showtrials.ru/speczsoobshhenie-n-i-ezhova-i-v-stalinu-s-prilozheniem-protokola-doprosa-m-v-burshtejna/
96	4665	Список арестованных по состоянию на 20 января 1935 г.	5749	39800	ПРОЦЕСС “МОСКОВСКОГО ЦЕНТРА”	ДРУГИЕ ДОКУМЕНТЫ	Другие документы московского центра		http://showtrials.ru/spisok-arestovannyh-po-sostoyaniyu-na-20-yanvarya-1935-g/
97	7644	Спецсообщение Н.И. Ежова И.В. Сталину с приложением протокола допроса Б.Г. Козелева	5746	41319	ПРОЦЕСС 2-12 МАРТА 1938 г.	МАТЕРИАЛЫ СЛЕДСТВИЯ	Материалы следствия 1938		http://showtrials.ru/speczsoobshhenie-n-i-ezhova-i-v-stalinu-s-prilozheniem-protokola-doprosa-b-g-kozeleva-2/
98	5707	Спецсообщение Г.Г. Ягоды Н.И. Ежову с приложением протокола допроса А.Г. Пригожина	5727	38760	ПРОЦЕСС 23-29 ЯНВАРЯ 1937 г.	МАТЕРИАЛЫ СЛЕДСТВИЯ	Материалы следствия 1936 | Материалы следствия 1937	Группа историков | Группа Радека	http://showtrials.ru/speczsoobshhenie-g-g-yagody-n-i-ezhovu-s-prilozheniem-protokola-doprosa-a-g-prigozhina/
99	5916	Спецсообщение Н.И. Ежова И.В. Сталину с приложением протокола допроса С.Е. Эйдмана	5705	39553	ПРОЦЕСС 23-29 ЯНВАРЯ 1937 г.	МАТЕРИАЛЫ СЛЕДСТВИЯ	Материалы следствия 1937	Вредители на железной дороге	http://showtrials.ru/speczsoobshhenie-n-i-ezhova-i-v-stalinu-s-prilozheniem-protokola-doprosa-s-e-ejdmana/
100	5884	Спецсообщение Н.И. Ежова И.В. Сталину с приложением протокола допроса Н.Г. Ольховского	5687	39734	ПРОЦЕСС 23-29 ЯНВАРЯ 1937 г.	МАТЕРИАЛЫ СЛЕДСТВИЯ	Материалы следствия 1937	Уралвагонстрой	http://showtrials.ru/speczsoobshhenie-n-i-ezhova-i-v-stalinu-s-prilozheniem-protokola-doprosa-n-g-olhovskogo/
