person	organization_family	document_count	person_total_documents	share_of_person_documents
小褌邪谢懈薪	party_apparatus	452	520	0.8692
袝卸芯胁	party_apparatus	451	466	0.9678
袝卸芯胁	security_apparatus	418	466	0.897
小褌邪谢懈薪	security_apparatus	372	520	0.7154
袚.袚. 携谐芯写邪	party_apparatus	156	158	0.9873
袚.袚. 携谐芯写邪	security_apparatus	133	158	0.8418
小褌邪谢懈薪	press_media	131	520	0.2519
袝卸芯胁	press_media	115	466	0.2468
小褌邪谢懈薪	international	82	520	0.1577
小褌邪谢懈薪	state_apparatus	75	520	0.1442
袗谐褉邪薪芯胁	party_apparatus	69	74	0.9324
袝卸芯胁	international	65	466	0.1395
袝卸芯胁	state_apparatus	64	466	0.1373
袗谐褉邪薪芯胁	security_apparatus	55	74	0.7432
袥.袙. 袧懈泻芯谢邪械胁邪	security_apparatus	42	43	0.9767
袘褍褏邪褉懈薪	party_apparatus	41	73	0.5616
袚.袚. 携谐芯写邪	international	40	158	0.2532
袚.袚. 携谐芯写邪	press_media	38	158	0.2405
袟懈薪芯胁褜械胁	party_apparatus	38	50	0.76
袘褍褏邪褉懈薪	press_media	33	73	0.4521
袚.袝. 袩褉芯泻芯褎褜械胁邪	party_apparatus	33	33	1.0
袚.袝. 袩褉芯泻芯褎褜械胁邪	security_apparatus	31	33	0.9394
袚.袠. 小邪褎邪褉芯胁邪	security_apparatus	27	32	0.8438
袟懈薪芯胁褜械胁	international	21	50	0.42
袟懈薪芯胁褜械胁	security_apparatus	20	50	0.4
袩褟褌邪泻芯胁	party_apparatus	20	22	0.9091
袪邪写械泻	party_apparatus	18	25	0.72
袘褍褏邪褉懈薪	security_apparatus	17	73	0.2329
袣邪屑械薪械胁	party_apparatus	17	26	0.6538
袨谢褜斜械褉谐	security_apparatus	17	94	0.1809
袩褟褌邪泻芯胁	security_apparatus	17	22	0.7727
袪邪写械泻	press_media	17	25	0.68
小芯泻芯谢褜薪懈泻芯胁	party_apparatus	17	18	0.9444
袚.袚. 携谐芯写邪	state_apparatus	16	158	0.1013
袨谢褜斜械褉谐	press_media	16	94	0.1702
袪褘泻芯胁	party_apparatus	16	18	0.8889
袚.袠. 小邪褎邪褉芯胁邪	international	15	32	0.4688
袝.袙. 笑械褌谢懈薪邪	party_apparatus	15	20	0.75
袣邪屑械薪械胁	security_apparatus	15	26	0.5769
袥.袙. 袧懈泻芯谢邪械胁邪	party_apparatus	15	43	0.3488
袧.袗. 袪芯蟹械薪褎械谢褜写	security_apparatus	15	16	0.9375
小褌邪谢懈薪	judicial_apparatus	15	520	0.0288
袗谐褉邪薪芯胁	state_apparatus	14	74	0.1892
袨谢褜斜械褉谐	party_apparatus	14	94	0.1489
袪邪写械泻	security_apparatus	14	25	0.56
小芯泻芯谢褜薪懈泻芯胁	security_apparatus	13	18	0.7222
袝.袣. 袦褍褏邪薪芯胁芯泄	security_apparatus	12	13	0.9231
袠.小. 袚芯褉褕械薪懈薪邪	party_apparatus	12	12	1.0
效谢械薪芯胁	party_apparatus	12	14	0.8571
效谢械薪芯胁	security_apparatus	12	14	0.8571
袗谐褉邪薪芯胁	international	11	74	0.1486
袙.袗. 袘邪谢懈褑泻芯谐芯	party_apparatus	11	13	0.8462
袙.袗. 袘邪谢懈褑泻芯谐芯	security_apparatus	11	13	0.8462
袛屑懈褌褉懈械胁	party_apparatus	11	17	0.6471
袠.袠. 袣芯褌芯谢褘薪芯胁邪	security_apparatus	11	13	0.8462
袠.袠. 袪械泄薪谐芯谢褜写邪	party_apparatus	11	11	1.0
袠.袠. 袪械泄薪谐芯谢褜写邪	security_apparatus	11	11	1.0
袠.袩. 袘邪泻邪械胁邪	security_apparatus	11	13	0.8462
袥.袦. 袣邪谐邪薪芯胁懈褔	party_apparatus	11	11	1.0
袦.袣. 效械褉薪褟胁褋泻芯谐芯	party_apparatus	11	11	1.0
袦.袣. 效械褉薪褟胁褋泻芯谐芯	security_apparatus	11	11	1.0
袨谢褜斜械褉谐	international	11	94	0.117
袩褟褌邪泻芯胁	press_media	11	22	0.5
袗.携. 袙褘褕懈薪褋泻懈泄	party_apparatus	10	10	1.0
袘褍褏邪褉懈薪	state_apparatus	10	73	0.137
袙.袙. 袪褍屑褟薪褑械胁邪	security_apparatus	10	12	0.8333
袚.袘. 小懈薪邪薪懈-小泻邪谢芯胁	international	10	12	0.8333
袝.袣. 袦褍褏邪薪芯胁芯泄	party_apparatus	10	13	0.7692
袠.袩. 袘邪泻邪械胁邪	party_apparatus	10	13	0.7692
袧.小. 袗薪褌芯薪芯胁邪	security_apparatus	10	10	1.0
袪褘泻芯胁	press_media	10	18	0.5556
袘.袥. 袘褉邪胁芯	security_apparatus	9	9	1.0
袘褍褏邪褉懈薪	international	9	73	0.1233
袙.袗. 袘邪褉褍褌邪	security_apparatus	9	9	1.0
袙.小. 袥械胁懈薪邪	security_apparatus	9	9	1.0
袚.袠. 小邪褎邪褉芯胁邪	party_apparatus	9	32	0.2812
袛屑懈褌褉懈械胁	security_apparatus	9	17	0.5294
袟懈薪芯胁褜械胁	press_media	9	50	0.18
袣.袣. 袦褍褏邪薪芯胁邪	security_apparatus	9	9	1.0
袣邪屑械薪械胁	press_media	9	26	0.3462
袦.袧. 携泻芯胁谢械胁邪	security_apparatus	9	9	1.0
袧.袙. 袚芯谢褍斜械薪泻芯	party_apparatus	9	11	0.8182
袧.袙. 袚芯谢褍斜械薪泻芯	security_apparatus	9	11	0.8182
袩.袗. 袧懈泻芯谢邪械胁邪	security_apparatus	9	10	0.9
袪褘泻芯胁	state_apparatus	9	18	0.5
袗.袦. 袚械褉褌懈泻邪	security_apparatus	8	11	0.7273
袙.袠. 袟胁械蟹写芯胁邪	party_apparatus	8	9	0.8889
袚.袝. 袩褉芯泻芯褎褜械胁邪	international	8	33	0.2424
袚.肖. 袩芯锌芯胁邪	security_apparatus	8	12	0.6667
袚.肖. 肖械写芯褉芯胁邪	security_apparatus	8	8	1.0
袝卸芯胁	judicial_apparatus	8	466	0.0172
袠.袚. 挟褋泻懈薪邪	security_apparatus	8	8	1.0
袠.袠. 袪械泄薪谐芯谢褜写邪	international	8	11	0.7273
袦.袦. 啸邪褉懈褌芯薪芯胁邪	party_apparatus	8	11	0.7273
袧.袗. 袪芯蟹械薪褎械谢褜写	party_apparatus	8	16	0.5
袪邪写械泻	international	8	25	0.32
小.袙. 袦褉邪褔泻芯胁褋泻懈泄	party_apparatus	8	8	1.0
小屑懈褉薪芯胁	party_apparatus	8	10	0.8
小芯泻芯谢褜薪懈泻芯胁	press_media	8	18	0.4444
袗谐褉邪薪芯胁	press_media	7	74	0.0946
袗褋褌褉芯胁	party_apparatus	7	8	0.875
袙.袙. 袣褍蟹褜屑懈薪邪	party_apparatus	7	7	1.0
袚.袗. 袦芯谢褔邪薪芯胁邪	party_apparatus	7	8	0.875
袚.袝. 袝胁写芯泻懈屑芯胁邪	security_apparatus	7	14	0.5
袝.袗. 袛褉械泄褑械褉邪	party_apparatus	7	7	1.0
袝.袗. 袛褉械泄褑械褉邪	security_apparatus	7	7	1.0
袠.袗. 袦褍褋褍谢褜斜邪褋邪	party_apparatus	7	7	1.0
袠.袗. 袦褍褋褍谢褜斜邪褋邪	security_apparatus	7	7	1.0
袦.袙. 袣芯褉芯谢褜泻芯胁邪	security_apparatus	7	7	1.0
袦.肖. 楔泻懈褉褟褌芯胁褍	party_apparatus	7	8	0.875
袧.袩. 袦褟褋薪懈泻芯胁邪	security_apparatus	7	7	1.0
袗.小. 袝薪褍泻懈写蟹械	party_apparatus	6	8	0.75
袗.肖. 楔邪褉邪锌芯胁芯泄	party_apparatus	6	6	1.0
袗.肖. 楔邪褉邪锌芯胁芯泄	security_apparatus	6	6	1.0
袘.袧. 小邪褏芯胁邪	international	6	9	0.6667
袙.袙. 袣褍蟹褜屑懈薪邪	international	6	7	0.8571
袙.袙. 袪褍屑褟薪褑械胁邪	party_apparatus	6	12	0.5
袙.袦. 袩芯锌芯胁邪	party_apparatus	6	7	0.8571
袙.袦. 袩芯锌芯胁邪	security_apparatus	6	7	0.8571
袙.肖. 袥芯谐懈薪芯胁邪	party_apparatus	6	7	0.8571
袙.肖. 袥芯谐懈薪芯胁邪	security_apparatus	6	7	0.8571
袚.袗. 袦芯谢褔邪薪芯胁邪	security_apparatus	6	8	0.75
袚.袘. 小懈薪邪薪懈-小泻邪谢芯胁	party_apparatus	6	12	0.5
袚.袦. 袗褉泻褍褋邪	party_apparatus	6	6	1.0
袛.袗. 楔屑懈写褌邪	security_apparatus	6	6	1.0
袛.袧. 楔懈褉褟械胁邪	security_apparatus	6	6	1.0
袝.肖. 袣褍谢懈泻芯胁邪	party_apparatus	6	6	1.0
袝.肖. 袣褍谢懈泻芯胁邪	security_apparatus	6	6	1.0
袠.袠. 孝邪褉邪褋芯胁邪	security_apparatus	6	8	0.75
袠.袩. 袘邪泻邪械胁邪	international	6	13	0.4615
袥.袟. 袦械褏谢懈褋邪	press_media	6	6	1.0
袦.袦. 袣懈谢谢械褉芯谐邪	party_apparatus	6	6	1.0
袦.袦. 袣懈谢谢械褉芯谐邪	security_apparatus	6	6	1.0
袦.袦. 啸邪褉懈褌芯薪芯胁邪	security_apparatus	6	11	0.5455
袦.袧. 携泻芯胁谢械胁邪	party_apparatus	6	9	0.6667
袦.肖. 楔泻懈褉褟褌芯胁褍	state_apparatus	6	8	0.75
袧.袠. 袘褍褉邪谐芯	security_apparatus	6	6	1.0
小.袙. 袦褉邪褔泻芯胁褋泻懈泄	security_apparatus	6	8	0.75
孝.袠. 袚谢械斜芯胁芯泄	party_apparatus	6	9	0.6667
孝.袠. 袚谢械斜芯胁芯泄	security_apparatus	6	9	0.6667
袗.袗. 楔械褋褌芯胁邪	party_apparatus	5	5	1.0
袗.袗. 楔械褋褌芯胁邪	security_apparatus	5	5	1.0
袗.袩. 袣芯褋褌懈薪芯泄	security_apparatus	5	5	1.0
袗.小. 袝薪褍泻懈写蟹械	press_media	5	8	0.625
袗.小. 袝薪褍泻懈写蟹械	security_apparatus	5	8	0.625
袗.挟. 孝懈胁械谢褟	party_apparatus	5	5	1.0
袗.挟. 孝懈胁械谢褟	security_apparatus	5	5	1.0
袗.携. 袙褘褕懈薪褋泻懈泄	security_apparatus	5	10	0.5
袘.袧. 袪芯蟹械薪褎械谢褜写邪	security_apparatus	5	5	1.0
袘.袧. 小邪褏芯胁邪	party_apparatus	5	9	0.5556
袙.袗. 携泻芯胁谢械胁邪	party_apparatus	5	5	1.0
袙.袗. 携泻芯胁谢械胁邪	security_apparatus	5	5	1.0
袙.袠. 袣芯蟹褘褉械胁邪	party_apparatus	5	5	1.0
袙.袠. 袣芯蟹褘褉械胁邪	security_apparatus	5	5	1.0
袙.携. 袚芯谢芯胁褋泻懈泄-袚芯谢芯褖邪锌芯胁	security_apparatus	5	5	1.0
袚.袝. 袝胁写芯泻懈屑芯胁邪	international	5	14	0.3571
袚.袝. 袝胁写芯泻懈屑芯胁邪	party_apparatus	5	14	0.3571
袛.袗. 楔屑懈写褌邪	party_apparatus	5	6	0.8333
袝.袙. 笑械褌谢懈薪邪	international	5	20	0.25
袝.袙. 笑械褌谢懈薪邪	state_apparatus	5	20	0.25
袟.袠. 袛邪胁褘写芯胁芯泄	security_apparatus	5	6	0.8333
袠.袠. 袣芯褌芯谢褘薪芯胁邪	party_apparatus	5	13	0.3846
袠.袦. 袚褍褉械胁懈褔邪	security_apparatus	5	6	0.8333
袠.袩. 袘邪泻邪械胁邪	press_media	5	13	0.3846
袠.小. 袚芯褉褕械薪懈薪邪	international	5	12	0.4167
袠.小. 袚芯褉褕械薪懈薪褘屑	security_apparatus	5	5	1.0
袣邪屑械薪械胁	international	5	26	0.1923
袥.袟. 袦械褏谢懈褋邪	party_apparatus	5	6	0.8333
袥.小. 小芯褋薪芯胁褋泻芯谐芯	party_apparatus	5	5	1.0
袥.肖. 袛懈褌褟褌械胁芯泄	party_apparatus	5	5	1.0
袥.携. 肖邪泄胁懈谢芯胁懈褔邪	party_apparatus	5	6	0.8333
袦芯谢芯褌芯胁	party_apparatus	5	6	0.8333
袧.袗. 校谐谢邪薪芯胁邪	party_apparatus	5	6	0.8333
袧.袘. 袪芯蟹械薪褎械谢褜写邪	security_apparatus	5	5	1.0
袩.袗. 袣芯胁邪谢械薪泻芯	party_apparatus	5	5	1.0
袩.袗. 袣芯胁邪谢械薪泻芯	security_apparatus	5	5	1.0
袪邪写械泻	state_apparatus	5	25	0.2
袪褘泻芯胁	security_apparatus	5	18	0.2778
小屑懈褉薪芯胁	security_apparatus	5	10	0.5
孝.袠. 袚谢械斜芯胁芯泄	press_media	5	9	0.5556
楔械屑械谢械胁	party_apparatus	5	5	1.0
楔械屑械谢械胁	security_apparatus	5	5	1.0
携.袙. 楔邪褉芯胁邪	security_apparatus	5	5	1.0
袗.袗. 袦褍褋邪褌芯胁邪	party_apparatus	4	4	1.0
袗.袗. 袦褍褋邪褌芯胁邪	security_apparatus	4	4	1.0
袗.袚. 袣芯谢芯写懈薪邪	party_apparatus	4	4	1.0
袗.袠. 袗薪懈褕械胁邪	international	4	12	0.3333
袗.袦. 袚械褉褌懈泻邪	party_apparatus	4	11	0.3636
袗.袧. 小邪褎芯薪芯胁芯泄	party_apparatus	4	5	0.8
袗.袧. 小邪褎芯薪芯胁芯泄	security_apparatus	4	5	0.8
袗.袧. 小谢械锌泻芯胁邪	party_apparatus	4	5	0.8
袗.小. 袝薪褍泻懈写蟹械	state_apparatus	4	8	0.5
袗.携. 袙褘褕懈薪褋泻懈泄	press_media	4	10	0.4
袘.袗. 袣褍褕薪械褉邪	party_apparatus	4	4	1.0
袘.袗. 袣褍褕薪械褉邪	security_apparatus	4	4	1.0
袘.袧. 袪芯蟹械薪褎械谢褜写邪	party_apparatus	4	5	0.8
袘.袧. 小邪褏芯胁邪	security_apparatus	4	9	0.4444
袙.袙. 楔屑懈写褌邪	party_apparatus	4	4	1.0
袙.袙. 楔屑懈写褌邪	press_media	4	4	1.0
袙.袚. 袛芯褉芯褕懈薪邪	party_apparatus	4	4	1.0
袙.袚. 袛芯褉芯褕懈薪邪	security_apparatus	4	4	1.0
袙.袛. 袦懈褉芯薪芯胁邪	party_apparatus	4	4	1.0
袙.袛. 袦懈褉芯薪芯胁邪	security_apparatus	4	4	1.0
袚.袘. 小懈薪邪薪懈-小泻邪谢芯胁	security_apparatus	4	12	0.3333
袚.袚. 携谐芯写邪	judicial_apparatus	4	158	0.0253
袚.袝. 袝胁写芯泻懈屑芯胁褘屑	security_apparatus	4	4	1.0
袚.袥. 啸邪褋懈薪邪	party_apparatus	4	4	1.0
袚.袥. 啸邪褋懈薪邪	security_apparatus	4	4	1.0
袝.袗. 袛褉械泄褑械褉邪	press_media	4	7	0.5714
袝.挟. 袪邪械胁褋泻芯泄	security_apparatus	4	4	1.0
袟.袗. 袗褕褉邪褎褟薪邪	party_apparatus	4	4	1.0
袟.袗. 袗褕褉邪褎褟薪邪	security_apparatus	4	4	1.0
袟.袦. 袘械谢械薪褜泻芯谐芯	state_apparatus	4	4	1.0
袠.袗. 袣薪褟蟹械胁邪	security_apparatus	4	4	1.0
袠.袠. 袚芯褉芯胁懈褔邪	security_apparatus	4	4	1.0
袠.袠. 孝褉褍褋芯胁邪	security_apparatus	4	4	1.0
袠.袣. 袧邪褍屑芯胁邪	party_apparatus	4	6	0.6667
袠.袣. 袧邪褍屑芯胁邪	security_apparatus	4	6	0.6667
袠.孝. 小屑懈谢谐懈	party_apparatus	4	4	1.0
袣.袝. 袙芯褉芯褕懈谢芯胁邪	party_apparatus	4	4	1.0
袣懈褉芯胁	security_apparatus	4	9	0.4444
袥.袙. 袧懈泻芯谢邪械胁褘屑	security_apparatus	4	4	1.0
袥.袛. 孝褉芯褑泻懈泄	international	4	28	0.1429
袥.袠. 小芯褋懈褑泻芯谐芯	party_apparatus	4	4	1.0
袥.小. 小芯褋薪芯胁褋泻芯谐芯	press_media	4	5	0.8
袥.肖. 袛懈褌褟褌械胁芯泄	security_apparatus	4	5	0.8
袦.袙. 袩芯蟹写械械胁芯泄	party_apparatus	4	5	0.8
袦.小. 袘芯谐褍褋谢邪胁褋泻芯谐芯	party_apparatus	4	4	1.0
袦.小. 小褌褉芯懈谢芯胁邪	security_apparatus	4	4	1.0
袧.袗. 袣邪褉械胁邪	party_apparatus	4	4	1.0
袧.袘. 袪芯蟹械薪褎械谢褜写邪	party_apparatus	4	5	0.8
袧.袩. 袦褟褋薪懈泻芯胁邪	party_apparatus	4	7	0.5714
袧.小. 袗薪褌芯薪芯胁邪	party_apparatus	4	10	0.4
袩.袗. 袧懈泻芯谢邪械胁邪	party_apparatus	4	10	0.4
袪.袙. 袩懈泻械谢褟	international	4	4	1.0
袪.袙. 袩懈泻械谢褟	party_apparatus	4	4	1.0
袪.袙. 袩懈泻械谢褟	security_apparatus	4	4	1.0
袪.袦. 袣褍谢懈褕械褉邪	security_apparatus	4	4	1.0
小.袦. 袚械褋褋械薪邪	party_apparatus	4	8	0.5
小.啸. 袙邪褉写邪薪懈邪薪邪	party_apparatus	4	4	1.0
小.啸. 袙邪褉写邪薪懈邪薪邪	security_apparatus	4	4	1.0
小械写芯胁	press_media	4	78	0.0513
小屑懈褉薪芯胁	press_media	4	10	0.4
协.小. 袚芯谢褜褑屑邪薪邪	party_apparatus	4	4	1.0
携.袗. 袥懈胁褕懈褑邪	party_apparatus	4	4	1.0
携.袙. 楔邪褉芯胁邪	party_apparatus	4	5	0.8
袗.袗. 袗薪写褉械械胁褍	party_apparatus	3	3	1.0
袗.袗. 袛芯泻褍褔邪械胁邪	party_apparatus	3	3	1.0
袗.袗. 袛芯泻褍褔邪械胁邪	security_apparatus	3	3	1.0
袗.袗. 孝褉芯褟薪芯胁褋泻芯谐芯	party_apparatus	3	4	0.75
袗.袗. 孝褉芯褟薪芯胁褋泻芯谐芯	state_apparatus	3	4	0.75
袗.袚. 袣芯谢芯写懈薪邪	security_apparatus	3	4	0.75
袗.袝. 袗胁写械械胁芯泄	security_apparatus	3	3	1.0
袗.袠. 袘懈褉泻械薪谐芯褎邪	party_apparatus	3	3	1.0
袗.袠. 袘懈褉泻械薪谐芯褎邪	security_apparatus	3	3	1.0
袗.袠. 袣邪褉屑邪谢懈褌芯胁邪	party_apparatus	3	3	1.0
袗.袠. 袣芯薪芯胁芯泄	party_apparatus	3	3	1.0
袗.袠. 袣芯薪芯胁芯泄	security_apparatus	3	3	1.0
袗.袠. 小懈薪械谢芯斜芯胁邪	party_apparatus	3	3	1.0
袗.袠. 小懈薪械谢芯斜芯胁邪	security_apparatus	3	3	1.0
袗.袣. 小械褉械写芯褏懈薪邪	party_apparatus	3	3	1.0
袗.小. 袣褍泻谢懈薪邪	security_apparatus	3	7	0.4286
袗.啸. 袣邪薪褌芯褉邪	party_apparatus	3	3	1.0
袗.啸. 袣邪薪褌芯褉邪	security_apparatus	3	3	1.0
袗.挟. 孝懈胁械谢褟	international	3	5	0.6
袗.挟. 孝懈胁械谢褟	press_media	3	5	0.6
袘.袚. 袣芯蟹械谢械胁邪	party_apparatus	3	3	1.0
袘.袚. 袣芯蟹械谢械胁邪	security_apparatus	3	3	1.0
袘.袠. 袣褍蟹褜屑懈褔械胁邪	party_apparatus	3	3	1.0
袘.袥. 袘褉邪胁芯	party_apparatus	3	9	0.3333
袘.袥. 袘褉邪胁芯	press_media	3	9	0.3333
袘.袦. 袨斜械褉褌邪谢谢械褉邪	party_apparatus	3	3	1.0
袙.袗. 孝械褉-袙邪谐邪薪褟薪	party_apparatus	3	3	1.0
袙.袙. 袣褍蟹褜屑懈薪邪	press_media	3	7	0.4286
袙.袙. 袪褍屑褟薪褑械胁褘屑	security_apparatus	3	3	1.0
袙.袚. 袘械谢芯胁邪	party_apparatus	3	3	1.0
袙.袚. 袘械谢芯胁邪	security_apparatus	3	3	1.0
袙.袚. 携泻芯胁械薪泻芯	party_apparatus	3	3	1.0
袙.袚. 携泻芯胁械薪泻芯	security_apparatus	3	3	1.0
袙.袛. 袣邪褋锌邪褉芯胁芯泄	party_apparatus	3	3	1.0
袙.袛. 袣邪褋锌邪褉芯胁芯泄	security_apparatus	3	3	1.0
袚.袝. 袚芯褉斜邪褔械胁邪	party_apparatus	3	3	1.0
袚.袝. 袩褉芯泻芯褎褜械胁邪	press_media	3	33	0.0909
袚.袠. 小邪褎邪褉芯胁邪	press_media	3	32	0.0938
袚.袠. 小邪褎邪褉芯胁邪	state_apparatus	3	32	0.0938
袚.袠. 小邪褎邪褉芯胁褘屑	international	3	3	1.0
袚.袠. 小邪褎邪褉芯胁褘屑	security_apparatus	3	3	1.0
袚.袦. 袗褉泻褍褋邪	security_apparatus	3	6	0.5
袚.袦. 袗褉褌械屑械薪泻芯	party_apparatus	3	3	1.0
袚.袦. 袗褉褌械屑械薪泻芯	security_apparatus	3	3	1.0
袚.肖. 袨胁褔懈薪薪懈泻芯胁邪	party_apparatus	3	3	1.0
袚.肖. 袨胁褔懈薪薪懈泻芯胁邪	security_apparatus	3	3	1.0
袚.肖. 肖械写芯褉芯胁邪	party_apparatus	3	8	0.375
袛.袧. 楔懈褉褟械胁邪	party_apparatus	3	6	0.5
袛.袩. 袦邪褉械褑泻芯谐芯	party_apparatus	3	3	1.0
袛屑懈褌褉懈械胁	press_media	3	17	0.1765
袛屑懈褌褉懈械胁	state_apparatus	3	17	0.1765
袝.袣. 袣芯褉褕褍薪芯胁邪	security_apparatus	3	3	1.0
袝.肖. 袣褍谢懈泻芯胁邪	state_apparatus	3	6	0.5
袟.袦. 袘械谢械薪褜泻芯谐芯	party_apparatus	3	4	0.75
袟懈薪芯胁褜械胁	state_apparatus	3	50	0.06
袠.袗. 袣薪褟蟹械胁邪	party_apparatus	3	4	0.75
袠.袛. 孝褍褉芯泻邪	party_apparatus	3	3	1.0
袠.袛. 孝褍褉芯泻邪	security_apparatus	3	3	1.0
袠.袠. 袘褍褉谢邪泻芯胁邪	party_apparatus	3	3	1.0
袠.袠. 袘褍褉谢邪泻芯胁邪	security_apparatus	3	3	1.0
袠.袠. 袚芯褉芯胁懈褔邪	party_apparatus	3	4	0.75
袠.袠. 袣芯褌芯谢褘薪芯胁褘屑	security_apparatus	3	3	1.0
袠.袠. 孝邪褉邪褋芯胁邪	party_apparatus	3	8	0.375
袠.袠. 孝褉褍褋芯胁邪	party_apparatus	3	4	0.75
袠.袣. 肖械写芯褌芯胁邪	party_apparatus	3	3	1.0
袠.袣. 肖械写芯褌芯胁邪	security_apparatus	3	3	1.0
袠.袦. 袚褍褉械胁懈褔邪	party_apparatus	3	6	0.5
袠.袧. 袦邪械胁褋泻芯谐芯	party_apparatus	3	3	1.0
袠.袩. 袘邪泻邪械胁邪	state_apparatus	3	13	0.2308
袠.袩. 袘邪泻邪械胁褘屑	security_apparatus	3	3	1.0
袠.小. 袚芯褉褕械薪懈薪褘屑	party_apparatus	3	5	0.6
袣.袝. 袙芯褉芯褕懈谢芯胁邪	press_media	3	4	0.75
袣.袠. 小懈薪械谢芯斜芯胁芯泄	party_apparatus	3	3	1.0
袣.袠. 小懈薪械谢芯斜芯胁芯泄	security_apparatus	3	3	1.0
袣.袧. 袥褍泻薪懈褑泻芯谐芯	party_apparatus	3	3	1.0
袣.袧. 袥褍泻薪懈褑泻芯谐芯	press_media	3	3	1.0
袣.袧. 袥褍泻薪懈褑泻芯谐芯	security_apparatus	3	3	1.0
袣懈褉芯胁	party_apparatus	3	9	0.3333
袥.袗. 袥邪胁褉械薪褌褜械胁邪	security_apparatus	3	3	1.0
袥.袛. 孝褉芯褑泻懈泄	press_media	3	28	0.1071
袥.袟. 袦械褏谢懈褋邪	security_apparatus	3	6	0.5
袥.袠. 小芯褋懈褑泻芯谐芯	security_apparatus	3	4	0.75
袥.袦. 袣邪谐邪薪芯胁懈褔	international	3	11	0.2727
袥.袦. 袣邪谐邪薪芯胁懈褔	security_apparatus	3	11	0.2727
袥.袦. 袦邪褉褜褟褋懈薪邪	party_apparatus	3	3	1.0
袥.袦. 袦邪褉褜褟褋懈薪邪	security_apparatus	3	3	1.0
袥.袩. 小械褉械斜褉褟泻芯胁邪	party_apparatus	3	3	1.0
袥.袩. 小械褉械斜褉褟泻芯胁邪	security_apparatus	3	3	1.0
袥.袩. 小械褉械斜褉褟泻芯胁褘屑	party_apparatus	3	3	1.0
袥.袩. 小械褉械斜褉褟泻芯胁褘屑	security_apparatus	3	3	1.0
袦.袗. 袧褘褉褔褍泻邪	security_apparatus	3	9	0.3333
袦.袙. 袘褍褉褕褌械泄薪芯屑	security_apparatus	3	3	1.0
袦.袠. 袥褍褉褜械	party_apparatus	3	3	1.0
袦.袥. 袘褘褏芯胁褋泻芯谐芯	party_apparatus	3	3	1.0
袦.袥. 袘褘褏芯胁褋泻芯谐芯	security_apparatus	3	3	1.0
袦.袧. 携泻芯胁谢械胁邪	international	3	9	0.3333
袦.袨. 袟褞泻邪	party_apparatus	3	3	1.0
袦.袨. 袟褞泻邪	security_apparatus	3	3	1.0
袦.袩. 孝芯屑褋泻芯谐芯	party_apparatus	3	4	0.75
袦.小. 袘芯谐褍褋谢邪胁褋泻芯谐芯	security_apparatus	3	4	0.75
袦.小. 袪褝屑邪	party_apparatus	3	5	0.6
袦芯谢芯褌芯胁	security_apparatus	3	6	0.5
袧.袗. 袣邪褉械胁邪	security_apparatus	3	4	0.75
袧.袙. 袚芯谢褍斜械薪泻芯	press_media	3	11	0.2727
袧.袠. 袘褍褉邪谐芯	party_apparatus	3	6	0.5
袧.袠. 袚芯褉写芯薪邪	party_apparatus	3	3	1.0
袧.袠. 袚芯褉写芯薪邪	security_apparatus	3	3	1.0
袧.袠. 袦芯褋泻邪谢械胁邪	security_apparatus	3	3	1.0
袧.袧. 楔邪褌褋泻懈屑	security_apparatus	3	3	1.0
袧.袩. 袚谢械斜芯胁-袗胁懈谢芯胁	party_apparatus	3	3	1.0
袧.袩. 袚谢械斜芯胁-袗胁懈谢芯胁	security_apparatus	3	3	1.0
袧.袩. 袦懈褏械褌泻芯	party_apparatus	3	3	1.0
袧.袩. 袦懈褏械褌泻芯	security_apparatus	3	3	1.0
袧.袩. 袦褟褋薪懈泻芯胁褘屑	security_apparatus	3	3	1.0
袧.小. 袗薪褌芯薪芯胁褘屑	party_apparatus	3	3	1.0
袧.小. 袗薪褌芯薪芯胁褘屑	security_apparatus	3	3	1.0
袩.袠. 袚芯褉写械械胁芯泄	security_apparatus	3	3	1.0
袩.肖. 袟邪泄褑械胁邪	party_apparatus	3	3	1.0
袩.肖. 袟邪泄褑械胁邪	state_apparatus	3	3	1.0
袩.肖. 小邪锌芯卸薪懈泻芯胁邪	international	3	3	1.0
袩.肖. 小邪锌芯卸薪懈泻芯胁邪	party_apparatus	3	3	1.0
袩.协. 袪芯褑泻邪薪邪	party_apparatus	3	3	1.0
袩.协. 袪芯褑泻邪薪邪	security_apparatus	3	3	1.0
小.袠. 袥褍泻邪褕懈泻邪	party_apparatus	3	3	1.0
小.袠. 袥褍泻邪褕懈泻邪	security_apparatus	3	3	1.0
小.袦. 袚械褋褋械薪邪	security_apparatus	3	8	0.375
小.携. 楔邪械胁邪	security_apparatus	3	3	1.0
小械写芯胁	party_apparatus	3	78	0.0385
小屑懈褉薪芯胁	international	3	10	0.3
小芯泻芯谢褜薪懈泻芯胁	state_apparatus	3	18	0.1667
孝褉芯褑泻懈泄	international	3	6	0.5
肖.袗. 袚芯褉斜褍薪芯胁芯泄	party_apparatus	3	3	1.0
肖.袗. 袚芯褉斜褍薪芯胁芯泄	security_apparatus	3	3	1.0
肖.肖. 肖邪写械械胁邪	security_apparatus	3	7	0.4286
啸.袚. 袚褍褉械胁懈褔邪	party_apparatus	3	3	1.0
啸.袚. 袚褍褉械胁懈褔邪	security_apparatus	3	3	1.0
协.小. 袚芯谢褜褑屑邪薪邪	security_apparatus	3	4	0.75
挟.袦. 袣芯褑褞斜懈薪褋泻芯谐芯	party_apparatus	3	3	1.0
挟.袦. 袣芯褑褞斜懈薪褋泻芯谐芯	security_apparatus	3	3	1.0
携.袧. 袙械褔械褉泻芯胁褋泻芯谐芯	security_apparatus	3	3	1.0
携.袧. 袛褉芯斜薪懈褋邪	party_apparatus	3	3	1.0
携.袧. 袛褉芯斜薪懈褋邪	security_apparatus	3	3	1.0
携.袪. 袝谢褜泻芯胁懈褔邪	party_apparatus	3	6	0.5
携.袪. 袝谢褜泻芯胁懈褔邪	security_apparatus	3	6	0.5
袗.袗. 袗薪写褉械械胁褍	security_apparatus	2	3	0.6667
袗.袗. 袘褍褋褘谐懈薪邪	party_apparatus	2	2	1.0
袗.袗. 袘褍褋褘谐懈薪邪	security_apparatus	2	2	1.0
袗.袗. 袥邪胁褉械薪褌褜械胁邪	security_apparatus	2	2	1.0
袗.袗. 袦褍褕褌邪泻芯胁邪	party_apparatus	2	2	1.0
袗.袗. 袦褍褕褌邪泻芯胁邪	security_apparatus	2	2	1.0
袗.袗. 啸胁褘谢懈	party_apparatus	2	2	1.0
袗.袗. 啸胁褘谢懈	press_media	2	2	1.0
袗.袗. 楔械褋褌芯胁邪	press_media	2	5	0.4
袗.袙. 袚邪谢泻懈薪邪	party_apparatus	2	2	1.0
袗.袙. 袚械褉褑斜械褉谐邪	international	2	4	0.5
袗.袙. 袚械褉褑斜械褉谐邪	security_apparatus	2	4	0.5
袗.袙. 袥褍谐芯胁芯泄-袥械胁械薪褕褌械泄薪	party_apparatus	2	2	1.0
袗.袙. 袪褍屑褟薪褑械胁邪	party_apparatus	2	2	1.0
袗.袛. 袗褉械褎褜械胁邪	party_apparatus	2	2	1.0
袗.袛. 袟邪泄褑械胁邪	party_apparatus	2	2	1.0
袗.袛. 袟邪泄褑械胁邪	press_media	2	2	1.0
袗.袛. 袟邪泄褑械胁邪	security_apparatus	2	2	1.0
袗.袝. 袣芯卸褍褉芯	party_apparatus	2	3	0.6667
袗.袠. 袗薪懈褕械胁邪	party_apparatus	2	12	0.1667
袗.袠. 袣邪褉屑邪谢懈褌芯胁邪	press_media	2	3	0.6667
袗.袠. 袣邪褉屑邪谢懈褌芯胁邪	security_apparatus	2	3	0.6667
袗.袠. 袩芯褌褟械胁邪	party_apparatus	2	2	1.0
袗.袠. 袩芯褌褟械胁邪	security_apparatus	2	2	1.0
袗.袠. 挟谢懈薪邪	party_apparatus	2	2	1.0
袗.袠. 挟谢懈薪邪	security_apparatus	2	2	1.0
袗.袦. 袚褍褋械胁邪	party_apparatus	2	2	1.0
袗.袦. 袚褍褋械胁邪	security_apparatus	2	2	1.0
袗.袦. 袟芯褉懈薪邪	party_apparatus	2	2	1.0
袗.袦. 袟芯褉懈薪邪	security_apparatus	2	2	1.0
袗.袦. 楔褌械泄薪邪	security_apparatus	2	2	1.0
袗.袧. 小邪褎芯薪芯胁芯泄	press_media	2	5	0.4
袗.袧. 小谢械锌泻芯胁邪	international	2	5	0.4
袗.袧. 小谢械锌泻芯胁邪	security_apparatus	2	5	0.4
袗.袩. 袟邪谐芯褉褍谢褜泻芯	security_apparatus	2	2	1.0
袗.袩. 袣芯褋褌懈薪芯泄	party_apparatus	2	5	0.4
袗.小. 袣褍泻谢懈薪邪	party_apparatus	2	7	0.2857
袗.小. 袣褍泻谢懈薪褘屑	security_apparatus	2	2	1.0
袗.小. 小芯泻芯谢芯胁邪	party_apparatus	2	2	1.0
袗.小. 小芯泻芯谢芯胁邪	security_apparatus	2	2	1.0
袗.啸. 袣邪薪褌芯褉邪	press_media	2	3	0.6667
袗.挟. 袗泄褏械薪胁邪谢褜写邪	party_apparatus	2	5	0.4
袗.携. 小胁械褉写谢芯胁邪	party_apparatus	2	3	0.6667
袗褋褌褉芯胁	international	2	8	0.25
袗褋褌褉芯胁	press_media	2	8	0.25
袗褋褌褉芯胁	security_apparatus	2	8	0.25
袗褋褌褉芯胁	state_apparatus	2	8	0.25
袘.袠. 袣褍蟹褜屑懈褔械胁邪	security_apparatus	2	3	0.6667
袘.袠. 袥械褏褌屑邪薪邪	state_apparatus	2	2	1.0
袘.袦. 袧懈卸薪懈泻邪	party_apparatus	2	3	0.6667
袘.袦. 袨斜械褉褌邪谢谢械褉邪	security_apparatus	2	3	0.6667
袘.袦. 孝邪谢褟	party_apparatus	2	2	1.0
袙.袗. 袙懈薪芯谐褉邪写芯胁邪	party_apparatus	2	6	0.3333
袙.袗. 袝谢褜褔邪薪懈薪芯胁芯泄	party_apparatus	2	2	1.0
袙.袗. 袝谢褜褔邪薪懈薪芯胁芯泄	security_apparatus	2	2	1.0
袙.袗. 袝谢褜褔邪薪懈薪芯胁芯泄	state_apparatus	2	2	1.0
袙.袗. 袟邪泻邪屑邪谢写懈薪邪	security_apparatus	2	2	1.0
袙.袗. 袣芯褌芯胁邪	party_apparatus	2	2	1.0
袙.袗. 袣芯褌芯胁邪	security_apparatus	2	2	1.0
袙.袗. 袣芯褌芯胁邪	state_apparatus	2	2	1.0
袙.袗. 孝械褉-袙邪谐邪薪褟薪	security_apparatus	2	3	0.6667
袙.袙. 袚谢褍褏械薪泻芯	security_apparatus	2	6	0.3333
袙.袙. 袛芯褋械泻懈薪邪	party_apparatus	2	2	1.0
袙.袙. 袛芯褋械泻懈薪邪	security_apparatus	2	2	1.0
袙.袙. 袣褍蟹褜屑懈薪邪	state_apparatus	2	7	0.2857
袙.袙. 袨褋懈薪褋泻芯谐芯	security_apparatus	2	4	0.5
袙.袙. 袩邪锌泻芯胁邪	security_apparatus	2	2	1.0
袙.袙. 袪褍屑褟薪褑械胁邪	international	2	12	0.1667
袙.袙. 楔屑懈写褌邪	security_apparatus	2	4	0.5
袙.袙. 楔屑懈写褌邪	state_apparatus	2	4	0.5
袙.袛. 袙褍泄芯胁懈褔邪	party_apparatus	2	2	1.0
袙.袠. 袟胁械蟹写芯胁褘屑	security_apparatus	2	2	1.0
袙.袠. 袣芯蟹褘褉械胁邪	press_media	2	5	0.4
袙.袠. 袧械胁褋泻芯谐芯	party_apparatus	2	2	1.0
袙.袠. 袧械胁褋泻芯谐芯	security_apparatus	2	2	1.0
袙.袠. 袩褍褔泻芯胁邪	party_apparatus	2	2	1.0
袙.袠. 袩褍褔泻芯胁邪	security_apparatus	2	2	1.0
袙.袠. 楔懈锌懈褏懈薪邪	international	2	2	1.0
袙.袠. 楔懈锌懈褏懈薪邪	party_apparatus	2	2	1.0
袙.袠. 楔懈锌懈褏懈薪邪	press_media	2	2	1.0
袙.袠. 楔懈锌懈褏懈薪邪	security_apparatus	2	2	1.0
袙.袠. 楔懈锌懈褏懈薪邪	state_apparatus	2	2	1.0
袙.袦. 袗薪写褉械械胁邪	security_apparatus	2	2	1.0
袙.袦. 袩芯锌芯胁邪	international	2	7	0.2857
袙.袦. 袩褉懈屑邪泻芯胁邪	security_apparatus	2	2	1.0
袙.袦. 袪芯褏懈薪褋芯薪邪	party_apparatus	2	2	1.0
袙.袦. 袪芯褏懈薪褋芯薪邪	security_apparatus	2	2	1.0
袙.袧. 袚芯谢芯胁邪薪芯胁邪	security_apparatus	2	2	1.0
袙.袧. 袪邪泻芯胁邪	party_apparatus	2	2	1.0
袙.袧. 袪邪泻芯胁邪	security_apparatus	2	2	1.0
袙.袧. 笑邪褌褍褉芯胁邪-袘芯谢褜褕邪泻芯胁邪	party_apparatus	2	2	1.0
袙.袧. 携泻芯胁谢械胁芯泄	party_apparatus	2	2	1.0
袙.袩. 袩芯褌械屑泻懈薪邪	party_apparatus	2	3	0.6667
袙.袩. 袩芯褌械屑泻懈薪邪	state_apparatus	2	3	0.6667
袙.小. 袥械胁懈薪邪	party_apparatus	2	9	0.2222
袙.肖. 袚芯谢芯胁懈薪邪	party_apparatus	2	2	1.0
袙.肖. 袚芯谢芯胁懈薪邪	security_apparatus	2	2	1.0
袚.袗. 袣芯谢芯褋泻芯胁邪	party_apparatus	2	2	1.0
袚.袗. 袦芯谢褔邪薪芯胁邪	press_media	2	8	0.25
袚.袘. 小懈薪邪薪懈-小泻邪谢芯胁	state_apparatus	2	12	0.1667
袚.袙. 小芯泻芯谢芯胁褘屑	security_apparatus	2	2	1.0
袚.袝. 袝胁写芯泻懈屑芯胁褘屑	international	2	4	0.5
袚.袝. 袩褉芯泻芯褎褜械胁邪	judicial_apparatus	2	33	0.0606
袚.袝. 袩褉芯泻芯褎褜械胁邪	state_apparatus	2	33	0.0606
袚.袝. 袩褍褕懈薪邪	party_apparatus	2	2	1.0
袚.袝. 袩褍褕懈薪邪	security_apparatus	2	2	1.0
袚.袠. 楔胁邪褉褑邪	party_apparatus	2	2	1.0
袚.袥. 楔泻谢芯胁褋泻芯谐芯	party_apparatus	2	2	1.0
袚.袦. 袗褉褌械屑械薪泻芯	international	2	3	0.6667
袚.小. 肖褉懈写谢褟薪写邪	party_apparatus	2	2	1.0
袚.小. 肖褉懈写谢褟薪写邪	press_media	2	2	1.0
袚.小. 肖褉懈写谢褟薪写邪	security_apparatus	2	2	1.0
袚.肖. 袩芯锌芯胁邪	party_apparatus	2	12	0.1667
袚.肖. 肖械写芯褉芯胁邪	international	2	8	0.25
袚邪胁械薪	party_apparatus	2	2	1.0
袚邪胁械薪	security_apparatus	2	2	1.0
袛.袗. 袣邪褉褑械胁邪	party_apparatus	2	2	1.0
袛.袗. 袣邪褉褑械胁邪	security_apparatus	2	2	1.0
袛.袟. 袦邪薪褍懈谢褜褋泻芯屑褍	international	2	2	1.0
袛.袠. 袗薪褌懈锌邪褋邪	party_apparatus	2	2	1.0
袛.袠. 袦邪褌胁械械胁邪	party_apparatus	2	2	1.0
袛.袠. 袦邪褌胁械械胁邪	security_apparatus	2	2	1.0
袛.袥. 袠谐薪邪褌褞泻邪	security_apparatus	2	4	0.5
袛.袩. 袘褍褏邪褉褑械胁邪	party_apparatus	2	2	1.0
袛.袩. 袘褍褏邪褉褑械胁邪	security_apparatus	2	2	1.0
袛.袩. 袦邪褉械褑泻芯谐芯	international	2	3	0.6667
袛.袩. 袦邪褉械褑泻芯谐芯	security_apparatus	2	3	0.6667
袛.小. 袗蟹斜械谢褟	party_apparatus	2	2	1.0
袛.小. 袗蟹斜械谢褟	security_apparatus	2	2	1.0
袛.孝. 楔械褉屑械褉谐芯褉薪邪	international	2	2	1.0
袛.孝. 楔械褉屑械褉谐芯褉薪邪	party_apparatus	2	2	1.0
袛.孝. 楔械褉屑械褉谐芯褉薪邪	security_apparatus	2	2	1.0
袛屑懈褌褉懈械胁	international	2	17	0.1176
袛屑懈褌褉懈械胁	judicial_apparatus	2	17	0.1176
袝.袗. 袗褎邪薪邪褋褜械胁邪	party_apparatus	2	2	1.0
袝.袗. 袗褎邪薪邪褋褜械胁邪	security_apparatus	2	2	1.0
袝.袗. 袛褉械泄褑械褉邪	international	2	7	0.2857
袝.袗. 袩械褌褉芯胁芯泄	party_apparatus	2	3	0.6667
袝.袗. 袩械褌褉芯胁芯泄	security_apparatus	2	3	0.6667
袝.袙. 袪芯谐邪褔械胁芯泄	security_apparatus	2	2	1.0
袝.袛. 小芯泻芯谢芯胁芯泄	party_apparatus	2	2	1.0
袝.袛. 小芯泻芯谢芯胁芯泄	state_apparatus	2	2	1.0
袝.袠. 袦邪泄蟹谢懈薪芯泄	security_apparatus	2	2	1.0
袝.袣. 袣芯褉褕褍薪芯胁邪	party_apparatus	2	3	0.6667
袝.袣. 袦褍褏邪薪芯胁芯泄	press_media	2	13	0.1538
袝.袦. 袦邪薪褞褉懈薪-袘褉芯胁邪褉褋泻懈泄	security_apparatus	2	2	1.0
袝.袦. 袪褘斜邪谢褜褔械薪泻芯	security_apparatus	2	2	1.0
袝.袧. 袙邪褋懈谢褜械胁邪	party_apparatus	2	2	1.0
袝.袧. 袙邪褋懈谢褜械胁邪	state_apparatus	2	2	1.0
袝.袨. 小懈屑邪泻	security_apparatus	2	2	1.0
袝.袪. 袦邪泄械褉邪	security_apparatus	2	2	1.0
袝.小. 袦懈褕邪泻芯胁芯泄	security_apparatus	2	2	1.0
袟.袙. 肖谢芯褉芯胁芯泄	party_apparatus	2	2	1.0
袟.袙. 肖谢芯褉芯胁芯泄	security_apparatus	2	2	1.0
袠.袗. 袣芯蟹懈薪邪	security_apparatus	2	2	1.0
袠.袛. 袚邪胁褉懈泻芯胁邪	party_apparatus	2	2	1.0
袠.袛. 袚邪胁褉懈泻芯胁邪	security_apparatus	2	2	1.0
袠.袝. 袣芯胁邪谢械薪泻芯	security_apparatus	2	2	1.0
袠.袝. 袩邪胁谢芯胁邪	party_apparatus	2	2	1.0
袠.袝. 袩邪胁谢芯胁邪	security_apparatus	2	2	1.0
袠.袠. 袪械泄薪谐芯谢褜写邪	state_apparatus	2	11	0.1818
袠.袠. 孝邪褉邪褋芯胁邪	press_media	2	8	0.25
袠.袠. 孝邪褉邪褋芯胁褘屑	security_apparatus	2	2	1.0
袠.袦. 袘褘泻-袘械泻	party_apparatus	2	2	1.0
袠.袧. 袦邪械胁褋泻芯谐芯	security_apparatus	2	3	0.6667
袠.袧. 小褌褍泻芯胁邪	party_apparatus	2	2	1.0
袠.袧. 小褌褍泻芯胁邪	security_apparatus	2	2	1.0
袠.袨. 袚芯谢褜写械薪斜械褉谐邪	party_apparatus	2	2	1.0
袠.袨. 袚芯谢褜写械薪斜械褉谐邪	security_apparatus	2	2	1.0
袠.袩. 袘邪泻邪械胁褘屑	international	2	3	0.6667
袠.袩. 袘邪泻邪械胁褘屑	party_apparatus	2	3	0.6667
袠.小. 袦懈褏邪泄谢芯胁邪	party_apparatus	2	2	1.0
袠.小. 协褋褌械褉屑邪薪邪	party_apparatus	2	2	1.0
袠.小. 协褋褌械褉屑邪薪邪	security_apparatus	2	2	1.0
袠.孝. 袥褟褕械薪泻芯	security_apparatus	2	2	1.0
袠.孝. 小屑懈谢谐懈	press_media	2	4	0.5
袣.袗. 袨蟹芯谢邪	party_apparatus	2	2	1.0
袣.袗. 袨蟹芯谢邪	security_apparatus	2	2	1.0
袣.袘. 袘械褉屑邪薪-挟褉懈薪	international	2	2	1.0
袣.袘. 袘械褉屑邪薪-挟褉懈薪	party_apparatus	2	2	1.0
袣.袘. 袘械褉屑邪薪-挟褉懈薪	security_apparatus	2	2	1.0
袣.袠. 袚懈写谢械胁褋泻芯谐芯	party_apparatus	2	2	1.0
袣.袠. 袚懈写谢械胁褋泻芯谐芯	security_apparatus	2	2	1.0
袣.袠. 袚褉褞薪褕褌械泄薪邪	party_apparatus	2	2	1.0
袣.袠. 袚褉褞薪褕褌械泄薪邪	security_apparatus	2	2	1.0
袣.袣. 袦褍褏邪薪芯胁邪	party_apparatus	2	9	0.2222
袣.袧. 袝屑械谢褜褟薪芯胁邪	security_apparatus	2	2	1.0
袣.小. 袛芯褉芯褎械械胁邪	party_apparatus	2	2	1.0
袣.小. 袛芯褉芯褎械械胁邪	security_apparatus	2	2	1.0
袣.小. 袦芯写械斜邪写蟹械	party_apparatus	2	2	1.0
袣邪屑械薪械胁	state_apparatus	2	26	0.0769
袥.袗. 效械褉薪芯蟹褍斜芯胁芯泄	security_apparatus	2	2	1.0
袥.袙. 袧懈泻芯谢邪械胁邪	press_media	2	43	0.0465
袥.袛. 袚芯谐芯斜械褉懈写蟹械	international	2	2	1.0
袥.袛. 袚芯谐芯斜械褉懈写蟹械	party_apparatus	2	2	1.0
袥.袛. 袚芯谐芯斜械褉懈写蟹械	security_apparatus	2	2	1.0
袥.袛. 袚芯谐芯斜械褉懈写蟹械	state_apparatus	2	2	1.0
袥.袝. 袘褍褉泻芯胁芯泄	party_apparatus	2	2	1.0
袥.袝. 袘褍褉泻芯胁芯泄	state_apparatus	2	2	1.0
袥.袝. 孝邪屑屑邪	party_apparatus	2	2	1.0
袥.袝. 孝邪屑屑邪	security_apparatus	2	2	1.0
袥.袝. 啸芯褋褉芯械胁邪	party_apparatus	2	2	1.0
袥.袝. 啸芯褋褉芯械胁邪	security_apparatus	2	2	1.0
袥.袟. 袦械褏谢懈褋邪	state_apparatus	2	6	0.3333
袥.袠. 袚邪褋胁懈邪薪懈	party_apparatus	2	3	0.6667
袥.袠. 袚邪褋胁懈邪薪懈	security_apparatus	2	3	0.6667
袥.袠. 袩械褉械谢褜褕褌械泄薪	party_apparatus	2	2	1.0
袥.袠. 袩械褉械谢褜褕褌械泄薪	security_apparatus	2	2	1.0
袥.袠. 袩芯薪芯屑邪褉械胁邪	party_apparatus	2	2	1.0
袥.袠. 袩芯薪芯屑邪褉械胁邪	security_apparatus	2	2	1.0
袥.袠. 小芯褋懈褑泻懈屑	security_apparatus	2	2	1.0
袥.袦. 袣邪谐邪薪芯胁懈褔	press_media	2	11	0.1818
袥.袧. 袦懈薪械褉胁懈薪芯泄	security_apparatus	2	2	1.0
袥.袧. 袦懈薪械褉胁懈薪芯泄	state_apparatus	2	2	1.0
袥.袨. 啸邪薪懈泻邪	party_apparatus	2	3	0.6667
袥.袩. 袘械褉懈懈	party_apparatus	2	2	1.0
袥.袩. 袘械褉懈懈	security_apparatus	2	2	1.0
袥.小. 袗褋褋懈薪芯胁褋泻芯谐芯	security_apparatus	2	2	1.0
袥.小. 袦邪屑懈褕胁懈谢懈-袦懈褕泻械胁懈褔	party_apparatus	2	2	1.0
袥.小. 袦邪屑懈褕胁懈谢懈-袦懈褕泻械胁懈褔	security_apparatus	2	2	1.0
袥.小. 小芯褋薪芯胁褋泻芯谐芯	security_apparatus	2	5	0.4
袥.小. 孝械褉-袦懈薪邪褋芯胁	party_apparatus	2	2	1.0
袥.小. 孝械褉-袦懈薪邪褋芯胁	security_apparatus	2	2	1.0
袥.肖. 袛懈褌褟褌械胁芯泄	press_media	2	5	0.4
袥.啸. 袪芯蟹械薪斜谢褞屑邪	party_apparatus	2	2	1.0
袥.啸. 袪芯蟹械薪斜谢褞屑邪	security_apparatus	2	2	1.0
袥.携. 肖邪泄胁懈谢芯胁懈褔邪	security_apparatus	2	6	0.3333
袦.袗. 袞邪褉懈泻芯胁邪	party_apparatus	2	2	1.0
袦.袗. 袞邪褉懈泻芯胁邪	security_apparatus	2	2	1.0
袦.袙. 袦懈褏邪泄谢懈泻邪	party_apparatus	2	2	1.0
袦.袙. 袦懈褏邪泄谢懈泻邪	security_apparatus	2	2	1.0
袦.袙. 袩芯蟹写械械胁芯泄	international	2	5	0.4
袦.袚. 小邪褎褜褟薪芯胁邪	party_apparatus	2	2	1.0
袦.袚. 小邪褎褜褟薪芯胁邪	security_apparatus	2	2	1.0
袦.袠. 袥褍褉褜械	international	2	3	0.6667
袦.袠. 袥褍褉褜械	security_apparatus	2	3	0.6667
袦.袠. 袧芯胁芯卸懈谢芯胁邪	party_apparatus	2	2	1.0
袦.袠. 袧芯胁芯卸懈谢芯胁邪	security_apparatus	2	2	1.0
袦.袠. 小褍屑械褑泻芯谐芯	party_apparatus	2	2	1.0
袦.袠. 小褍屑械褑泻芯谐芯	security_apparatus	2	2	1.0
袦.袦. 袣褍写褉褟褕械胁邪	party_apparatus	2	2	1.0
袦.袦. 袣褍写褉褟褕械胁邪	security_apparatus	2	2	1.0
袦.袦. 啸邪褉懈褌芯薪芯胁邪	international	2	11	0.1818
袦.袦. 效械褉械写薪懈褔械薪泻芯	security_apparatus	2	2	1.0
袦.袧. 袪褟斜懈薪懈薪邪	party_apparatus	2	2	1.0
袦.袧. 袪褟斜懈薪懈薪邪	security_apparatus	2	2	1.0
袦.袨. 袟褞泻邪	press_media	2	3	0.6667
袦.袩. 袞邪泻芯胁邪	party_apparatus	2	3	0.6667
袦.袩. 袞邪泻芯胁邪	security_apparatus	2	3	0.6667
袦.小. 袪褝屑邪	security_apparatus	2	5	0.4
袦.孝. 袗薪褌芯薪芯胁邪	party_apparatus	2	2	1.0
袦.孝. 袗薪褌芯薪芯胁邪	press_media	2	2	1.0
袦.肖. 袩芯褋褌芯谢芯胁褋泻芯谐芯	party_apparatus	2	2	1.0
袦.肖. 袩芯褋褌芯谢芯胁褋泻芯谐芯	security_apparatus	2	2	1.0
袦芯谢芯褌芯胁	press_media	2	6	0.3333
袧.袗. 袣邪褉械胁邪	international	2	4	0.5
袧.袗. 校谐谢邪薪芯胁邪	press_media	2	6	0.3333
袧.袘. 袪芯蟹械薪褎械谢褜写邪	press_media	2	5	0.4
袧.袘. 小泻邪谢芯胁芯泄	international	2	2	1.0
袧.袘. 小泻邪谢芯胁芯泄	security_apparatus	2	2	1.0
袧.袙. 袘褍懈薪褑械胁邪	party_apparatus	2	2	1.0
袧.袙. 袘褍懈薪褑械胁邪	press_media	2	2	1.0
袧.袙. 袘褍懈薪褑械胁邪	security_apparatus	2	2	1.0
袧.袠. 袦芯褋泻邪谢械胁邪	party_apparatus	2	3	0.6667
袧.袠. 袦褍褉邪谢芯胁邪	party_apparatus	2	2	1.0
袧.袠. 袦褍褉邪谢芯胁邪	security_apparatus	2	2	1.0
袧.袠. 袦褍褏懈薪邪	party_apparatus	2	8	0.25
袧.袠. 袦褍褏懈薪邪	security_apparatus	2	8	0.25
袧.袥. 袥褍褉褜械	party_apparatus	2	2	1.0
袧.袦. 袦邪褌芯褉懈薪邪	party_apparatus	2	2	1.0
袧.袦. 袦邪褌芯褉懈薪邪	security_apparatus	2	2	1.0
袧.袦. 袧邪褋芯薪芯胁邪	international	2	2	1.0
袧.袦. 袧邪褋芯薪芯胁邪	security_apparatus	2	2	1.0
袧.袧. 袗谢械泻褋械械胁邪	party_apparatus	2	2	1.0
袧.袧. 袣褉械褋褌懈薪褋泻芯谐芯	party_apparatus	2	3	0.6667
袧.袧. 袦懈褖械薪泻芯	security_apparatus	2	2	1.0
袧.袧. 楔邪褌褋泻芯谐芯	party_apparatus	2	2	1.0
袧.袧. 楔邪褌褋泻芯谐芯	security_apparatus	2	2	1.0
袧.袩. 袚谢械斜芯胁-袗胁懈谢芯胁	judicial_apparatus	2	3	0.6667
袨.袩. 袛蟹械薪懈褋邪	party_apparatus	2	2	1.0
袨.袩. 袛蟹械薪懈褋邪	security_apparatus	2	2	1.0
袨谢褜斜械褉谐	judicial_apparatus	2	94	0.0213
袩.袗. 袟邪谢褍褑泻芯谐芯	party_apparatus	2	3	0.6667
袩.袗. 袟邪谢褍褑泻芯谐芯	security_apparatus	2	3	0.6667
袩.袗. 袥懈锌褕懈褑邪	international	2	2	1.0
袩.袗. 袥懈锌褕懈褑邪	party_apparatus	2	2	1.0
袩.袗. 袥懈锌褕懈褑邪	security_apparatus	2	2	1.0
袩.袚. 袩械褌褉芯胁褋泻芯谐芯	party_apparatus	2	2	1.0
袩.袚. 袩械褌褉芯胁褋泻芯谐芯	press_media	2	2	1.0
袩.袣. 袗谢械泻褋邪薪写褉芯胁邪	party_apparatus	2	2	1.0
袩.袦. 袪械锌薪懈泻芯胁邪	party_apparatus	2	2	1.0
袩.袦. 袪械锌薪懈泻芯胁邪	security_apparatus	2	2	1.0
袩.袧. 袧械褔邪械胁邪	party_apparatus	2	2	1.0
袩.袧. 袧械褔邪械胁邪	security_apparatus	2	2	1.0
袩.袩. 袘褍褉屑懈褋褌褉芯胁邪	security_apparatus	2	2	1.0
袩.肖. 袩芯谢褟泻芯胁邪	party_apparatus	2	2	1.0
袩.肖. 袩芯谢褟泻芯胁邪	security_apparatus	2	2	1.0
袩.肖. 小邪锌芯卸薪懈泻芯胁邪	press_media	2	3	0.6667
袩.肖. 小邪锌芯卸薪懈泻芯胁邪	security_apparatus	2	3	0.6667
袩褉懈谐芯卸懈薪	international	2	2	1.0
袩褉懈谐芯卸懈薪	party_apparatus	2	2	1.0
袩褉懈谐芯卸懈薪	press_media	2	2	1.0
袩褉懈谐芯卸懈薪	security_apparatus	2	2	1.0
袩褟褌邪泻芯胁	international	2	22	0.0909
袩褟褌邪泻芯胁	state_apparatus	2	22	0.0909
袪.袗. 袩械褌械褉褋芯薪邪	party_apparatus	2	2	1.0
袪.小. 袘械薪薪械褌	party_apparatus	2	2	1.0
袪.小. 袘械薪薪械褌	security_apparatus	2	2	1.0
袪邪写懈薪	party_apparatus	2	2	1.0
袪邪写懈薪	state_apparatus	2	2	1.0
袪褘泻芯胁	international	2	18	0.1111
小.袗. 袚芯谐谢懈写蟹械	security_apparatus	2	2	1.0
小.袗. 袪邪褌邪泄褔邪泻芯屑	party_apparatus	2	2	1.0
小.袗. 袪邪褌邪泄褔邪泻芯屑	security_apparatus	2	2	1.0
小.袗. 效懈褏谢邪写蟹械	party_apparatus	2	6	0.3333
小.袗. 效懈褏谢邪写蟹械	state_apparatus	2	6	0.3333
小.袙. 袦褉邪褔泻芯胁褋泻懈泄	press_media	2	8	0.25
小.袚. 袪邪写芯屑褘褋谢褜褋泻芯谐芯	party_apparatus	2	2	1.0
小.袚. 袪邪写芯屑褘褋谢褜褋泻芯谐芯	security_apparatus	2	2	1.0
小.袦. 袚械褋褋械薪邪	international	2	8	0.25
小.袦. 袟邪泻褋-袚谢邪写薪械胁	international	2	2	1.0
小.袩. 袣邪谢邪褕薪懈泻芯胁邪	security_apparatus	2	2	1.0
小.袩. 袦懈薪邪械胁邪	security_apparatus	2	2	1.0
小.小. 袟芯褉懈薪邪	party_apparatus	2	2	1.0
小.携. 袘邪斜邪褏邪薪邪	party_apparatus	2	2	1.0
小.携. 袘邪斜邪褏邪薪邪	security_apparatus	2	2	1.0
小.携. 楔邪械胁邪	party_apparatus	2	3	0.6667
孝.袚. 袚邪褌邪褍谢懈薪邪	security_apparatus	2	2	1.0
孝.袩. 袛械薪懈褋芯胁芯泄	security_apparatus	2	2	1.0
孝.袪. 袥械胁懈薪芯泄	party_apparatus	2	2	1.0
肖.袚. 袠胁邪薪芯胁邪	party_apparatus	2	2	1.0
肖.袚. 袠胁邪薪芯胁邪	security_apparatus	2	2	1.0
肖.肖. 肖邪写械械胁邪	party_apparatus	2	7	0.2857
啸.袚. 袪邪泻芯胁褋泻芯谐芯	party_apparatus	2	3	0.6667
效谢械薪芯胁	press_media	2	14	0.1429
挟.袦. 袘芯褔邪褉芯胁邪	party_apparatus	2	2	1.0
挟.袦. 袘芯褔邪褉芯胁邪	security_apparatus	2	2	1.0
携.袗. 袥懈胁褕懈褑邪	security_apparatus	2	4	0.5
携.袗. 肖褍褉褌懈褔械胁邪	international	2	2	1.0
携.袗. 肖褍褉褌懈褔械胁邪	party_apparatus	2	2	1.0
携.袗. 肖褍褉褌懈褔械胁邪	security_apparatus	2	2	1.0
携.袛. 袥械泄斜屑邪薪邪	security_apparatus	2	2	1.0
携.袧. 袙械褔械褉泻芯胁褋泻芯谐芯	party_apparatus	2	3	0.6667
携.小. 袪芯蟹邪薪芯胁褘屑	security_apparatus	2	2	1.0
携.携. 校锌屑邪谢-袗薪谐邪褉褋泻懈泄	international	2	2	1.0
携.携. 校锌屑邪谢-袗薪谐邪褉褋泻懈泄	party_apparatus	2	2	1.0
携.携. 校锌屑邪谢-袗薪谐邪褉褋泻懈泄	security_apparatus	2	2	1.0
袗.袗. 袗斜褉邪屑芯胁邪	party_apparatus	1	1	1.0
袗.袗. 袗斜褉邪屑芯胁邪	press_media	1	1	1.0
袗.袗. 袗薪写褉械械胁褍	press_media	1	3	0.3333
袗.袗. 袚邪褉写懈薪-袚械泄械褉	international	1	1	1.0
袗.袗. 袚邪褉写懈薪-袚械泄械褉	party_apparatus	1	1	1.0
袗.袗. 袚邪褉写懈薪-袚械泄械褉	security_apparatus	1	1	1.0
袗.袗. 袞写邪薪芯胁褍	party_apparatus	1	1	1.0
袗.袗. 袞写邪薪芯胁褍	press_media	1	1	1.0
袗.袗. 袞写邪薪芯胁褍	security_apparatus	1	1	1.0
袗.袗. 袠蟹褉邪懈谢懈褌懈薪邪	party_apparatus	1	1	1.0
袗.袗. 袠蟹褉邪懈谢懈褌懈薪邪	security_apparatus	1	1	1.0
袗.袗. 袣邪褉锌芯胁邪	party_apparatus	1	1	1.0
袗.袗. 袣邪褉锌芯胁邪	security_apparatus	1	1	1.0
袗.袗. 袦褍褋邪褌芯胁邪	international	1	4	0.25
袗.袗. 袦褍褋邪褌芯胁邪	press_media	1	4	0.25
袗.袗. 袧械谢懈写芯胁芯泄	party_apparatus	1	1	1.0
袗.袗. 袧械谢懈写芯胁芯泄	security_apparatus	1	1	1.0
袗.袗. 孝邪斜邪薪邪泻芯胁邪	party_apparatus	1	1	1.0
袗.袗. 孝邪斜邪薪邪泻芯胁邪	security_apparatus	1	1	1.0
袗.袗. 啸胁褘谢懈	international	1	2	0.5
袗.袗. 啸胁褘谢懈	security_apparatus	1	2	0.5
袗.袗. 啸胁褘谢懈	state_apparatus	1	2	0.5
袗.袙. 袘芯褔邪褉芯胁邪	party_apparatus	1	1	1.0
袗.袙. 袘芯褔邪褉芯胁邪	press_media	1	1	1.0
袗.袙. 袘芯褔邪褉芯胁邪	security_apparatus	1	1	1.0
袗.袙. 袚邪谢泻懈薪邪	security_apparatus	1	2	0.5
袗.袙. 袚邪谢泻懈薪邪	state_apparatus	1	2	0.5
袗.袙. 袚械褉褑斜械褉谐邪	party_apparatus	1	4	0.25
袗.袙. 袛蟹械写蟹懈械胁褋泻芯谐芯	party_apparatus	1	1	1.0
袗.袙. 袛蟹械写蟹懈械胁褋泻芯谐芯	press_media	1	1	1.0
袗.袙. 袛蟹械写蟹懈械胁褋泻芯谐芯	security_apparatus	1	1	1.0
袗.袙. 袥褍谐芯胁芯泄-袥械胁械薪褕褌械泄薪	press_media	1	2	0.5
袗.袙. 袥褍谐芯胁芯泄-袥械胁械薪褕褌械泄薪	security_apparatus	1	2	0.5
袗.袙. 袩械褉懈屑芯胁邪	international	1	5	0.2
袗.袙. 袩械褉懈屑芯胁邪	party_apparatus	1	5	0.2
袗.袙. 袩械褉懈屑芯胁邪	security_apparatus	1	5	0.2
袗.袙. 袩械褉懈屑芯胁褘屑	party_apparatus	1	1	1.0
袗.袙. 袩械褉懈屑芯胁褘屑	security_apparatus	1	1	1.0
袗.袙. 袪褍屑褟薪褑械胁邪	security_apparatus	1	2	0.5
袗.袙. 孝褉邪胁懈薪芯泄	party_apparatus	1	1	1.0
袗.袙. 孝褉邪胁懈薪芯泄	press_media	1	1	1.0
袗.袙. 孝褉邪胁懈薪芯泄	security_apparatus	1	1	1.0
袗.袙. 孝褉邪胁懈薪芯泄	state_apparatus	1	1	1.0
袗.袚. 袝谐芯褉芯胁邪	security_apparatus	1	1	1.0
袗.袚. 袣芯谢芯写懈薪邪	international	1	4	0.25
袗.袚. 袣芯褉褔邪谐懈薪芯泄	security_apparatus	1	1	1.0
袗.袚. 袣芯褉褔邪谐懈薪芯泄	state_apparatus	1	1	1.0
袗.袚. 楔谢褟锌薪懈泻芯胁邪	party_apparatus	1	1	1.0
袗.袚. 楔谢褟锌薪懈泻芯胁邪	press_media	1	1	1.0
袗.袛. 袗褉械褎褜械胁邪	security_apparatus	1	2	0.5
袗.袛. 袗褉械褎褜械胁褘屑	party_apparatus	1	1	1.0
袗.袛. 袘褉芯薪褕褌械泄薪械	judicial_apparatus	1	1	1.0
袗.袛. 袘褉芯薪褕褌械泄薪械	party_apparatus	1	1	1.0
袗.袛. 袘褉芯薪褕褌械泄薪械	press_media	1	1	1.0
袗.袛. 袟邪泄褑械胁邪	international	1	2	0.5
袗.袛. 袟邪泄褑械胁邪	state_apparatus	1	2	0.5
袗.袝. 袗胁写械械胁芯泄	party_apparatus	1	3	0.3333
袗.袝. 袣芯卸褍褉芯	international	1	3	0.3333
袗.袝. 袣芯卸褍褉芯	press_media	1	3	0.3333
袗.袝. 袣芯卸褍褉芯	security_apparatus	1	3	0.3333
袗.袟. 袙芯谢泻芯胁邪	party_apparatus	1	1	1.0
袗.袟. 袙芯谢泻芯胁邪	security_apparatus	1	1	1.0
袗.袠. 袗谢械泻褋邪薪写褉芯胁邪	party_apparatus	1	4	0.25
袗.袠. 袗谢械泻褋邪薪写褉芯胁邪	press_media	1	4	0.25
袗.袠. 袗薪懈褕械胁邪	press_media	1	12	0.0833
袗.袠. 袗薪懈褕械胁邪	security_apparatus	1	12	0.0833
袗.袠. 袗薪懈褕械胁邪	state_apparatus	1	12	0.0833
袗.袠. 袗薪懈褕械胁褘屑	security_apparatus	1	1	1.0
袗.袠. 袘懈褉泻械薪谐芯褎邪	press_media	1	3	0.3333
袗.袠. 袘褉懈谐谐懈褋邪	party_apparatus	1	1	1.0
袗.袠. 袘褉懈谐谐懈褋邪	security_apparatus	1	1	1.0
袗.袠. 袙懈褌泻芯胁褋泻芯谐芯	party_apparatus	1	1	1.0
袗.袠. 袙懈褌泻芯胁褋泻芯谐芯	security_apparatus	1	1	1.0
袗.袠. 袚邪谢褜锌械褉懈薪邪	party_apparatus	1	1	1.0
袗.袠. 袚邪谢褜锌械褉懈薪邪	press_media	1	1	1.0
袗.袠. 袚邪谢褜锌械褉懈薪邪	security_apparatus	1	1	1.0
袗.袠. 袝屑褕邪薪芯胁邪	party_apparatus	1	1	1.0
袗.袠. 袝屑褕邪薪芯胁邪	security_apparatus	1	1	1.0
袗.袠. 袟懈谢褜斜械褉屑邪薪邪	party_apparatus	1	1	1.0
袗.袠. 袟懈谢褜斜械褉屑邪薪邪	press_media	1	1	1.0
袗.袠. 袣芯薪芯胁芯泄	state_apparatus	1	3	0.3333
袗.袠. 袦褍褉邪谢芯胁邪	party_apparatus	1	1	1.0
袗.袠. 袦褍褉邪谢芯胁邪	press_media	1	1	1.0
袗.袠. 袦褍褉邪谢芯胁邪	state_apparatus	1	1	1.0
袗.袠. 袦褟褔懈薪芯泄	security_apparatus	1	1	1.0
袗.袠. 袧懈泻懈褌懈薪褋泻芯泄	party_apparatus	1	1	1.0
袗.袠. 袧懈泻懈褌懈薪褋泻芯泄	security_apparatus	1	1	1.0
袗.袠. 袧懈泻懈褌懈薪褋泻芯泄	state_apparatus	1	1	1.0
袗.袠. 小懈薪械谢芯斜芯胁邪	press_media	1	3	0.3333
袗.袠. 小褌械褑泻芯谐芯	party_apparatus	1	2	0.5
袗.袠. 小褌械褑泻芯谐芯	press_media	1	2	0.5
袗.袠. 孝芯谢屑邪蟹芯胁邪	international	1	8	0.125
袗.袠. 孝芯谢屑邪蟹芯胁邪	party_apparatus	1	8	0.125
袗.袠. 孝芯谢屑邪蟹芯胁褘屑	security_apparatus	1	1	1.0
袗.袠. 校胁邪褉芯胁邪	party_apparatus	1	1	1.0
袗.袠. 校胁邪褉芯胁邪	security_apparatus	1	1	1.0
袗.袠. 挟谢懈薪邪	press_media	1	2	0.5
袗.袣. 袘芯褉屑邪薪邪	party_apparatus	1	1	1.0
袗.袣. 袘芯褉屑邪薪邪	security_apparatus	1	1	1.0
袗.袣. 袛褉芯卸卸懈薪邪	party_apparatus	1	1	1.0
袗.袣. 袛褉芯卸卸懈薪邪	security_apparatus	1	1	1.0
袗.袣. 小械褉械写芯褏懈薪邪	international	1	3	0.3333
袗.袣. 小械褉械写芯褏懈薪邪	security_apparatus	1	3	0.3333
袗.袣. 携蟹芯胁褋泻懈褏	party_apparatus	1	1	1.0
袗.袣. 携蟹芯胁褋泻懈褏	security_apparatus	1	1	1.0
袗.袥. 袚芯谢芯褋褌褍锌械褑邪	security_apparatus	1	1	1.0
袗.袥. 袚芯谢芯褋褌褍锌械褑邪	state_apparatus	1	1	1.0
袗.袥. 袥械芯薪褌褜械胁邪	party_apparatus	1	1	1.0
袗.袥. 袥械芯薪褌褜械胁邪	press_media	1	1	1.0
袗.袥. 袥械芯薪褌褜械胁邪	security_apparatus	1	1	1.0
袗.袦. 袗褉泻褍褋	party_apparatus	1	1	1.0
袗.袦. 袘械褉械蟹懈薪邪	party_apparatus	1	1	1.0
袗.袦. 袚械褉褌懈泻邪	international	1	11	0.0909
袗.袦. 袚芯褉褜泻芯屑褍	press_media	1	2	0.5
袗.袦. 袚褍褋械胁邪	state_apparatus	1	2	0.5
袗.袦. 袟芯褉懈薪邪	state_apparatus	1	2	0.5
袗.袦. 袣邪褕泻懈薪邪	party_apparatus	1	1	1.0
袗.袦. 袣邪褕泻懈薪邪	security_apparatus	1	1	1.0
袗.袦. 袥邪褉懈薪芯泄	press_media	1	3	0.3333
袗.袦. 袥褍褑褍泻邪	party_apparatus	1	1	1.0
袗.袦. 袥褍褑褍泻邪	security_apparatus	1	1	1.0
袗.袦. 袩芯锌芯胁邪	party_apparatus	1	1	1.0
袗.袦. 袩芯锌芯胁邪	security_apparatus	1	1	1.0
袗.袦. 小芯褋懈锌邪褌褉芯胁邪	party_apparatus	1	1	1.0
袗.袦. 小芯褋懈锌邪褌褉芯胁邪	press_media	1	1	1.0
袗.袦. 小芯褋懈锌邪褌褉芯胁邪	security_apparatus	1	1	1.0
袗.袦. 楔褌械泄薪邪	party_apparatus	1	2	0.5
袗.袦. 携褋褞泻械胁懈褔邪	party_apparatus	1	1	1.0
袗.袦. 携褋褞泻械胁懈褔邪	press_media	1	1	1.0
袗.袧. 袘邪褉褍谢懈薪邪	party_apparatus	1	1	1.0
袗.袧. 袘邪褉褍谢懈薪邪	security_apparatus	1	1	1.0
袗.袧. 袘褍褉芯胁邪	party_apparatus	1	1	1.0
袗.袧. 袘褍褉芯胁邪	security_apparatus	1	1	1.0
袗.袧. 袩邪薪芯胁邪	party_apparatus	1	1	1.0
袗.袧. 小谢械锌泻芯胁褘屑	party_apparatus	1	1	1.0
袗.袧. 肖芯泻懈薪邪	party_apparatus	1	1	1.0
袗.袧. 肖芯泻懈薪邪	security_apparatus	1	1	1.0
袗.袨. 袗谢褜褋泻芯谐芯	international	1	1	1.0
袗.袨. 袗谢褜褋泻芯谐芯	party_apparatus	1	1	1.0
袗.袨. 袗谢褜褋泻芯谐芯	press_media	1	1	1.0
袗.袨. 袗谢褜褋泻芯谐芯	security_apparatus	1	1	1.0
袗.袨. 袚芯谢谢械薪写械褉邪	international	1	1	1.0
袗.袨. 袚芯谢谢械薪写械褉邪	party_apparatus	1	1	1.0
袗.袨. 袚芯谢谢械薪写械褉邪	security_apparatus	1	1	1.0
袗.袩. 袛褜褟褔泻芯胁邪	security_apparatus	1	1	1.0
袗.袩. 袟邪谐芯褉褍谢褜泻芯	party_apparatus	1	2	0.5
袗.袩. 袣芯褋褌懈薪芯泄	international	1	5	0.2
袗.袩. 袦械褌邪谢褜薪懈泻芯胁邪	party_apparatus	1	1	1.0
袗.袩. 袦械褌邪谢褜薪懈泻芯胁邪	security_apparatus	1	1	1.0
袗.袩. 校写邪谢芯胁邪	security_apparatus	1	1	1.0
袗.小. 袘褍谢懈薪褍	party_apparatus	1	1	1.0
袗.小. 袘褍谢懈薪褍	security_apparatus	1	1	1.0
袗.小. 袝薪褍泻懈写蟹械	international	1	8	0.125
袗.小. 袣褍泻谢懈薪褘屑	state_apparatus	1	2	0.5
袗.小. 袨胁胁褟薪	party_apparatus	1	1	1.0
袗.小. 袨胁胁褟薪	security_apparatus	1	1	1.0
袗.小. 小芯泻芯谢芯胁邪	press_media	1	2	0.5
袗.肖. 袣芯褕械谢械胁邪	party_apparatus	1	1	1.0
袗.肖. 袣芯褕械谢械胁邪	security_apparatus	1	1	1.0
袗.肖. 校谢褜褟薪芯胁邪	party_apparatus	1	1	1.0
袗.肖. 校谢褜褟薪芯胁邪	security_apparatus	1	1	1.0
袗.肖. 校谢褜褟薪芯胁邪	state_apparatus	1	1	1.0
袗.挟. 袗泄褏械薪胁邪谢褜写邪	international	1	5	0.2
袗.携. 袗褉芯褋械胁械	party_apparatus	1	1	1.0
袗.携. 袗褉芯褋械胁械	security_apparatus	1	1	1.0
袗.携. 袙褘褕懈薪褋泻懈泄	judicial_apparatus	1	10	0.1
袗.携. 小胁械褉写谢芯胁邪	security_apparatus	1	3	0.3333
袗.携. 挟褋泻懈薪芯泄	security_apparatus	1	1	1.0
袘.袗. 袙邪褋懈谢褜械胁邪	international	1	1	1.0
袘.袗. 袛胁懈薪褋泻芯屑褍	party_apparatus	1	1	1.0
袘.袗. 袛胁懈薪褋泻芯屑褍	press_media	1	1	1.0
袘.袗. 袣褍褕薪械褉邪	international	1	4	0.25
袘.袗. 袣褍褕薪械褉邪	press_media	1	4	0.25
袘.袚. 袣芯蟹械谢械胁邪	international	1	3	0.3333
袘.袚. 袦写懈胁邪薪懈	party_apparatus	1	1	1.0
袘.袚. 袦写懈胁邪薪懈	security_apparatus	1	1	1.0
袘.袛. 袘械褉屑邪薪褍	party_apparatus	1	1	1.0
袘.袛. 袘械褉屑邪薪褍	security_apparatus	1	1	1.0
袘.袝. 袗谢写邪写邪薪芯胁邪	party_apparatus	1	1	1.0
袘.袝. 袗谢写邪写邪薪芯胁邪	security_apparatus	1	1	1.0
袘.袝. 袘邪褉褋泻芯谐芯	party_apparatus	1	1	1.0
袘.袝. 袘邪褉褋泻芯谐芯	press_media	1	1	1.0
袘.袝. 袘邪褉褋泻芯谐芯	security_apparatus	1	1	1.0
袘.袟. 袥懈胁褟薪褌邪	international	1	1	1.0
袘.袟. 袥懈胁褟薪褌邪	party_apparatus	1	1	1.0
袘.袟. 袥懈胁褟薪褌邪	security_apparatus	1	1	1.0
袘.袠. 袥械褏褌屑邪薪邪	security_apparatus	1	2	0.5
袘.袥. 袘褉邪胁芯	international	1	9	0.1111
袘.袥. 袘褉邪胁芯	state_apparatus	1	9	0.1111
袘.袥. 袣芯谢械褋薪懈泻芯胁邪	party_apparatus	1	1	1.0
袘.袥. 袣芯谢械褋薪懈泻芯胁邪	press_media	1	1	1.0
袘.袥. 袣芯谢械褋薪懈泻芯胁邪	security_apparatus	1	1	1.0
袘.袥. 袥芯锌邪褌懈薪褋泻芯谐芯	party_apparatus	1	1	1.0
袘.袥. 袥芯锌邪褌懈薪褋泻芯谐芯	press_media	1	1	1.0
袘.袥. 袥芯锌邪褌懈薪褋泻芯谐芯	security_apparatus	1	1	1.0
袘.袦. 袘械泻泻械褉邪	party_apparatus	1	1	1.0
袘.袦. 袘械泻泻械褉邪	press_media	1	1	1.0
袘.袦. 袘械泻泻械褉邪	security_apparatus	1	1	1.0
袘.袦. 袧懈卸薪懈泻邪	security_apparatus	1	3	0.3333
袘.袦. 孝邪谢褟	international	1	2	0.5
袘.袦. 孝邪谢褟	press_media	1	2	0.5
袘.袦. 孝邪谢褟	security_apparatus	1	2	0.5
袘.袨. 袧芯褉泻懈薪邪	party_apparatus	1	1	1.0
袘.袨. 袧芯褉泻懈薪邪	security_apparatus	1	1	1.0
袘.袩. 袧械褋褌械褉芯胁邪	international	1	1	1.0
袘.袩. 袧械褋褌械褉芯胁邪	party_apparatus	1	1	1.0
袘.袩. 袧械褋褌械褉芯胁邪	press_media	1	1	1.0
袘.袩. 袧械褋褌械褉芯胁邪	security_apparatus	1	1	1.0
袘.袩. 袧械褋褌械褉芯胁邪	state_apparatus	1	1	1.0
袘.袩. 袧械褋褌械褉芯胁褘屑	party_apparatus	1	1	1.0
袘.小. 袪邪斜懈薪芯胁懈褔邪	party_apparatus	1	1	1.0
袘.小. 袪邪斜懈薪芯胁懈褔邪	press_media	1	1	1.0
袘.小. 袪邪斜懈薪芯胁懈褔邪	security_apparatus	1	1	1.0
袘.协. 袪邪褌泻邪褟	party_apparatus	1	1	1.0
袘.协. 袪邪褌泻邪褟	security_apparatus	1	1	1.0
袙.袗. 袗薪褌芯薪芯胁-袨胁褋械械薪泻芯	party_apparatus	1	1	1.0
袙.袗. 袗薪褌芯薪芯胁-袨胁褋械械薪泻芯	press_media	1	1	1.0
袙.袗. 袘邪谢懈褑泻芯谐芯	state_apparatus	1	13	0.0769
袙.袗. 袘邪褉褍褌邪	party_apparatus	1	9	0.1111
袙.袗. 袙邪谐邪薪褟薪邪	party_apparatus	1	1	1.0
袙.袗. 袣芯褌芯胁邪	international	1	2	0.5
袙.袗. 小芯褉芯泻懈薪邪	party_apparatus	1	1	1.0
袙.袗. 孝械褉-袙邪谐邪薪褟薪	international	1	3	0.3333
袙.袗. 孝械褉-袙邪谐邪薪褟薪	judicial_apparatus	1	3	0.3333
袙.袗. 肖懈薪邪褕懈薪邪	party_apparatus	1	1	1.0
袙.袙. 袚谢褍褏械薪泻芯	press_media	1	6	0.1667
袙.袙. 袣褍蟹褜屑懈薪邪	security_apparatus	1	7	0.1429
袙.袙. 袥芯屑懈薪邪写蟹械	press_media	1	1	1.0
袙.袙. 袨褋懈薪褋泻芯谐芯	party_apparatus	1	4	0.25
袙.袙. 袪褍屑褟薪褑械胁褘屑	party_apparatus	1	3	0.3333
袙.袙. 袪褍屑褟薪褑薪械胁邪	party_apparatus	1	1	1.0
袙.袙. 袪褍屑褟薪褑薪械胁邪	security_apparatus	1	1	1.0
袙.袙. 校谢褜褉懈褏褍	press_media	1	1	1.0
袙.袚. 袥褍泻懈薪邪	security_apparatus	1	1	1.0
袙.袚. 携泻芯胁械薪泻芯	state_apparatus	1	3	0.3333
袙.袛. 袙褍泄芯胁懈褔邪	international	1	2	0.5
袙.袛. 袙褍泄芯胁懈褔邪	security_apparatus	1	2	0.5
袙.袛. 袙褍泄芯胁懈褔械屑	international	1	1	1.0
袙.袛. 袙褍泄芯胁懈褔械屑	party_apparatus	1	1	1.0
袙.袛. 袙褍泄芯胁懈褔械屑	security_apparatus	1	1	1.0
袙.袛. 孝芯屑谢械薪芯胁邪	party_apparatus	1	1	1.0
袙.袛. 孝芯屑谢械薪芯胁邪	press_media	1	1	1.0
袙.袛. 孝芯屑谢械薪芯胁邪	security_apparatus	1	1	1.0
袙.袝. 笑械褋邪褉褋泻芯谐芯	party_apparatus	1	1	1.0
袙.袠. 袛械屑褔械薪泻芯	party_apparatus	1	1	1.0
袙.袠. 袛械屑褔械薪泻芯	security_apparatus	1	1	1.0
袙.袠. 袟胁械蟹写芯胁邪	security_apparatus	1	9	0.1111
袙.袠. 袟胁械蟹写芯胁褘屑	party_apparatus	1	2	0.5
袙.袠. 袣谢褞褕械薪泻芯胁邪	party_apparatus	1	1	1.0
袙.袠. 袣谢褞褕械薪泻芯胁邪	security_apparatus	1	1	1.0
袙.袠. 袧械胁褋泻芯谐芯	state_apparatus	1	2	0.5
袙.袠. 袩褍褔泻芯胁邪	international	1	2	0.5
袙.袣. 袞邪褉懈泻芯胁邪	party_apparatus	1	1	1.0
袙.袣. 袞邪褉懈泻芯胁邪	security_apparatus	1	1	1.0
袙.袣. 袣谢械泄薪邪	security_apparatus	1	1	1.0
袙.袣. 袩褍褌薪褘	party_apparatus	1	1	1.0
袙.袣. 袩褍褌薪褘	press_media	1	1	1.0
袙.袣. 袩褍褌薪褘	security_apparatus	1	1	1.0
袙.袣. 小芯褌褋泻芯胁邪	party_apparatus	1	1	1.0
袙.袣. 小芯褌褋泻芯胁邪	security_apparatus	1	1	1.0
袙.袥. 袚芯褉芯褏芯胁邪	party_apparatus	1	1	1.0
袙.袥. 袚芯褉芯褏芯胁邪	security_apparatus	1	1	1.0
袙.袦. 袗薪写褉械械胁邪	party_apparatus	1	2	0.5
袙.袦. 袦械械褉褋芯薪邪	party_apparatus	1	1	1.0
袙.袦. 袦械械褉褋芯薪邪	press_media	1	1	1.0
袙.袦. 袦褍谢懈薪邪	party_apparatus	1	1	1.0
袙.袦. 袦褍谢懈薪邪	security_apparatus	1	1	1.0
袙.袦. 袩褉懈屑邪泻芯胁邪	party_apparatus	1	2	0.5
袙.袧. 袚芯谢芯胁邪薪芯胁邪	party_apparatus	1	2	0.5
袙.袧. 袚褍褌屑邪薪	party_apparatus	1	1	1.0
袙.袧. 袚褍褌屑邪薪	security_apparatus	1	1	1.0
袙.袧. 小谢械锌泻芯胁邪	international	1	1	1.0
袙.袧. 小谢械锌泻芯胁邪	party_apparatus	1	1	1.0
袙.袧. 小谢械锌泻芯胁邪	press_media	1	1	1.0
袙.袧. 小谢械锌泻芯胁邪	security_apparatus	1	1	1.0
袙.袧. 携泻芯胁谢械胁芯泄	security_apparatus	1	2	0.5
袙.袧. 携泻芯胁谢械胁芯泄	state_apparatus	1	2	0.5
袙.袩. 袙褌芯褉芯胁邪	party_apparatus	1	1	1.0
袙.袩. 袙褌芯褉芯胁邪	press_media	1	1	1.0
袙.袩. 袙褌芯褉芯胁邪	security_apparatus	1	1	1.0
袙.袩. 楔械胁械谢械胁-袥褍斜泻芯胁	party_apparatus	1	1	1.0
袙.袩. 楔械胁械谢械胁-袥褍斜泻芯胁	security_apparatus	1	1	1.0
袙.肖. 袘械泄褌械谢褜褋锌邪褏械褉邪	party_apparatus	1	1	1.0
袙.肖. 袟邪褏邪褉懈薪芯泄	party_apparatus	1	1	1.0
袙.肖. 袟邪褏邪褉懈薪芯泄	security_apparatus	1	1	1.0
袙.肖. 袟邪褏邪褉懈薪芯泄	state_apparatus	1	1	1.0
袙.肖. 袥芯谐懈薪芯胁邪	press_media	1	7	0.1429
袙.肖. 袥芯谐懈薪芯胁邪	state_apparatus	1	7	0.1429
袙.肖. 袥芯谐懈薪芯胁褘屑	party_apparatus	1	1	1.0
袙.肖. 袥芯谐懈薪芯胁褘屑	security_apparatus	1	1	1.0
袙.肖. 小褌械锌邪薪芯胁邪	party_apparatus	1	1	1.0
袙.携. 袚芯谢芯胁褋泻懈泄-袚芯谢芯褖邪锌芯胁	party_apparatus	1	5	0.2
袙.携. 袪芯写邪泻邪	party_apparatus	1	1	1.0
袙.携. 袪芯写邪泻邪	press_media	1	1	1.0
袙.携. 袪芯写邪泻邪	security_apparatus	1	1	1.0
袚.袗. 袗斜褉邪屑芯胁邪	party_apparatus	1	1	1.0
袚.袗. 袗斜褉邪屑芯胁邪	security_apparatus	1	1	1.0
袚.袗. 袣芯谢芯褋泻芯胁邪	security_apparatus	1	2	0.5
袚.袗. 袦芯谢褔邪薪芯胁邪	international	1	8	0.125
袚.袗. 孝邪褌褍谢芯胁邪	party_apparatus	1	1	1.0
袚.袗. 孝邪褌褍谢芯胁邪	press_media	1	1	1.0
袚.袗. 孝邪褌褍谢芯胁邪	security_apparatus	1	1	1.0
袚.袗. 孝邪褌褍谢芯胁褘屑	party_apparatus	1	1	1.0
袚.袗. 孝邪褌褍谢芯胁褘屑	security_apparatus	1	1	1.0
袚.袘. 袘械褉薪写褌邪	international	1	1	1.0
袚.袘. 袘械褉薪写褌邪	party_apparatus	1	1	1.0
袚.袘. 袘械褉薪写褌邪	security_apparatus	1	1	1.0
袚.袘. 袥懈斜械褉屑邪薪邪	international	1	1	1.0
袚.袘. 袥懈斜械褉屑邪薪邪	party_apparatus	1	1	1.0
袚.袘. 袥懈斜械褉屑邪薪邪	press_media	1	1	1.0
袚.袘. 袥懈斜械褉屑邪薪邪	security_apparatus	1	1	1.0
袚.袘. 小懈薪邪薪懈-小泻邪谢芯胁	judicial_apparatus	1	12	0.0833
袚.袘. 小懈薪邪薪懈-小泻邪谢芯胁	press_media	1	12	0.0833
袚.袙. 小芯泻芯谢芯胁邪	security_apparatus	1	5	0.2
袚.袚. 袦邪褌懈褌邪泄褕胁懈谢懈	international	1	1	1.0
袚.袚. 袦邪褌懈褌邪泄褕胁懈谢懈	party_apparatus	1	1	1.0
袚.袚. 袦邪褌懈褌邪泄褕胁懈谢懈	state_apparatus	1	1	1.0
袚.袛. 袗褉褋械薪褌褜械胁邪	party_apparatus	1	1	1.0
袚.袛. 袗褉褋械薪褌褜械胁邪	security_apparatus	1	1	1.0
袚.袝. 袚芯褉斜邪褔械胁邪	international	1	3	0.3333
袚.袝. 袝胁写芯泻懈屑芯胁褘屑	party_apparatus	1	4	0.25
袚.袝. 袝胁写芯泻懈屑芯胁褘屑	press_media	1	4	0.25
袚.袝. 袦械械褉褋芯薪邪	judicial_apparatus	1	1	1.0
袚.袝. 袦械械褉褋芯薪邪	party_apparatus	1	1	1.0
袚.袝. 袦械械褉褋芯薪邪	press_media	1	1	1.0
袚.袝. 袦械械褉褋芯薪邪	security_apparatus	1	1	1.0
袚.袠. 袠褋邪械胁邪	party_apparatus	1	1	1.0
袚.袠. 袠褋邪械胁邪	press_media	1	1	1.0
袚.袠. 袠褋邪械胁邪	security_apparatus	1	1	1.0
袚.袠. 袦懈褉芯薪芯胁邪	security_apparatus	1	1	1.0
袚.袠. 小邪褎邪褉芯胁邪	judicial_apparatus	1	32	0.0312
袚.袠. 小邪褎邪褉芯胁褘屑	party_apparatus	1	3	0.3333
袚.袠. 小械褉械斜褉褟泻芯胁芯泄	party_apparatus	1	1	1.0
袚.袠. 小械褉械斜褉褟泻芯胁芯泄	state_apparatus	1	1	1.0
袚.袣. 肖械谢褜写屑邪薪邪	party_apparatus	1	1	1.0
袚.袣. 肖械谢褜写屑邪薪邪	security_apparatus	1	1	1.0
袚.袥. 楔泻谢芯胁褋泻芯谐芯	international	1	2	0.5
袚.袥. 楔泻谢芯胁褋泻芯谐芯	security_apparatus	1	2	0.5
袚.袥. 楔泻谢芯胁褋泻芯谐芯	state_apparatus	1	2	0.5
袚.袦. 袗褉泻褍褋邪	international	1	6	0.1667
袚.袦. 袛褉褟蟹谐芯胁邪	party_apparatus	1	1	1.0
袚.袦. 袠胁邪薪芯胁芯泄	security_apparatus	1	1	1.0
袚.袦. 袦邪谢械薪泻芯胁邪	party_apparatus	1	1	1.0
袚.袦. 袦邪谢械薪泻芯胁褍	party_apparatus	1	1	1.0
袚.袦. 小褘褉芯泻胁邪褕械胁邪	party_apparatus	1	1	1.0
袚.袦. 小褘褉芯泻胁邪褕械胁邪	security_apparatus	1	1	1.0
袚.袩. 袗写邪屑褟薪邪	party_apparatus	1	1	1.0
袚.袩. 袙褟褌泻懈薪邪	international	1	1	1.0
袚.袩. 袙褟褌泻懈薪邪	party_apparatus	1	1	1.0
袚.袩. 袙褟褌泻懈薪邪	security_apparatus	1	1	1.0
袚.袩. 袙褟褌泻懈薪邪	state_apparatus	1	1	1.0
袚.袩. 袩芯褌邪褕薪懈泻芯胁邪	party_apparatus	1	2	0.5
袚.袪. 袧懈泻芯谢邪械胁邪	party_apparatus	1	1	1.0
袚.袪. 袧懈泻芯谢邪械胁邪	security_apparatus	1	1	1.0
袚.小. 袘懈褌泻械褉邪	international	1	1	1.0
袚.小. 袘懈褌泻械褉邪	party_apparatus	1	1	1.0
袚.小. 袘懈褌泻械褉邪	security_apparatus	1	1	1.0
袚.小. 袚械褉邪褋懈屑邪褌芯	party_apparatus	1	1	1.0
袚.小. 袚械褉邪褋懈屑邪褌芯	press_media	1	1	1.0
袚.小. 袚械褉邪褋懈屑邪褌芯	security_apparatus	1	1	1.0
袚.小. 袟邪泄写械谢褟	party_apparatus	1	1	1.0
袚.小. 袟邪泄写械谢褟	security_apparatus	1	1	1.0
袚.小. 袥褞褕泻芯胁褍	party_apparatus	1	1	1.0
袚.小. 袥褞褕泻芯胁褍	security_apparatus	1	1	1.0
袚.小. 孝褘屑褟薪褋泻芯谐芯	party_apparatus	1	1	1.0
袚.小. 孝褘屑褟薪褋泻芯谐芯	security_apparatus	1	1	1.0
袚.小. 肖褉懈写谢褟薪写邪	international	1	2	0.5
袚.孝. 袦褟褋薪懈褔泻芯胁邪	security_apparatus	1	1	1.0
袚.肖. 小邪屑芯泄谢芯胁懈褔邪	security_apparatus	1	1	1.0
袚.肖. 肖械写芯褉芯胁褘屑	security_apparatus	1	1	1.0
袚.肖. 肖械写芯褉芯胁褘屑	state_apparatus	1	1	1.0
袚.携. 袦邪褉械薪泻芯	party_apparatus	1	2	0.5
袚.携. 袦邪褉械薪泻芯	security_apparatus	1	2	0.5
袚邪胁械薪	international	1	2	0.5
袚邪胁械薪	press_media	1	2	0.5
袚邪胁械薪	state_apparatus	1	2	0.5
袛.袗. 袗薪懈泻懈薪邪	party_apparatus	1	1	1.0
袛.袗. 袗薪懈泻懈薪邪	security_apparatus	1	1	1.0
袛.袗. 袗薪懈泻懈薪褘屑	security_apparatus	1	1	1.0
袛.袗. 袗薪懈泻懈薪褘屑	state_apparatus	1	1	1.0
袛.袗. 袣邪褉褑械胁邪	press_media	1	2	0.5
袛.袗. 小薪懈褌泻懈薪邪	party_apparatus	1	1	1.0
袛.袗. 孝邪泄褑邪	international	1	1	1.0
袛.袗. 孝邪泄褑邪	party_apparatus	1	1	1.0
袛.袗. 孝邪泄褑邪	press_media	1	1	1.0
袛.袗. 孝邪泄褑邪	security_apparatus	1	1	1.0
袛.袗. 楔屑懈写褌邪	state_apparatus	1	6	0.1667
袛.袙. 袩芯谢褍褟薪邪	party_apparatus	1	1	1.0
袛.袙. 袩芯谢褍褟薪邪	security_apparatus	1	1	1.0
袛.袙. 小邪褎褉芯薪芯胁邪	party_apparatus	1	1	1.0
袛.袙. 小邪褎褉芯薪芯胁邪	security_apparatus	1	1	1.0
袛.袟. 袦邪薪褍懈谢褜褋泻芯屑褍	party_apparatus	1	2	0.5
袛.袟. 袦邪薪褍懈谢褜褋泻芯屑褍	press_media	1	2	0.5
袛.袟. 袦邪薪褍懈谢褜褋泻芯屑褍	security_apparatus	1	2	0.5
袛.袠. 袗薪褌懈锌邪褋邪	security_apparatus	1	2	0.5
袛.袠. 袦邪褌胁械械胁邪	state_apparatus	1	2	0.5
袛.袥. 袠谐薪邪褌褞泻邪	press_media	1	4	0.25
袛.袦. 袥褍锌邪褕泻芯	party_apparatus	1	1	1.0
袛.袦. 袥褍锌邪褕泻芯	security_apparatus	1	1	1.0
袛.袧. 楔懈褉褟械胁邪	international	1	6	0.1667
袛.袧. 楔懈褉褟械胁邪	state_apparatus	1	6	0.1667
袛.袩. 袗谢斜邪薪褋泻芯谐芯	party_apparatus	1	1	1.0
袛.袩. 袘褍褏邪褉褑械胁邪	press_media	1	2	0.5
袛.袩. 袦邪褉械褑泻芯谐芯	press_media	1	3	0.3333
袛.袩. 袦邪褉械褑泻芯谐芯	state_apparatus	1	3	0.3333
袛.袩. 袪芯蟹懈褌邪	international	1	1	1.0
袛.袩. 袪芯蟹懈褌邪	party_apparatus	1	1	1.0
袛.袩. 袪芯蟹懈褌邪	press_media	1	1	1.0
袛.袩. 袪芯蟹懈褌邪	security_apparatus	1	1	1.0
袛.小. 袚褍褉械胁懈褔邪	party_apparatus	1	1	1.0
袛.小. 袚褍褉械胁懈褔邪	security_apparatus	1	1	1.0
袛.小. 袟械薪褑芯胁邪	party_apparatus	1	1	1.0
袛.小. 孝邪泄褑邪	security_apparatus	1	1	1.0
袛.孝. 楔械褉屑械褉谐芯褉薪邪	state_apparatus	1	2	0.5
袛.肖. 袘褍蟹懈薪邪	party_apparatus	1	1	1.0
袛.肖. 袘褍蟹懈薪邪	state_apparatus	1	1	1.0
袛.携. 袗谢械泻褋邪薪写褉芯胁邪	party_apparatus	1	1	1.0
袛.携. 袗谢械泻褋邪薪写褉芯胁邪	security_apparatus	1	1	1.0
袝.袗. 袛褉械泄褑械褉邪	judicial_apparatus	1	7	0.1429
袝.袗. 袣芯薪写褉邪褌褜械胁芯泄	party_apparatus	1	1	1.0
袝.袗. 袣芯薪写褉邪褌褜械胁芯泄	security_apparatus	1	1	1.0
袝.袗. 袩褉械芯斜褉邪卸械薪褋泻芯谐芯	international	1	1	1.0
袝.袗. 袩褉械芯斜褉邪卸械薪褋泻芯谐芯	party_apparatus	1	1	1.0
袝.袗. 袩褉械芯斜褉邪卸械薪褋泻芯谐芯	press_media	1	1	1.0
袝.袘. 肖械写芯褋械械胁邪	party_apparatus	1	1	1.0
袝.袘. 肖械写芯褋械械胁邪	press_media	1	1	1.0
袝.袘. 肖械写芯褋械械胁邪	security_apparatus	1	1	1.0
袝.袙. 笑械褌谢懈薪邪	press_media	1	20	0.05
袝.袙. 笑械褌谢懈薪邪	security_apparatus	1	20	0.05
袝.袚. 小芯谢芯胁褜械胁芯泄	party_apparatus	1	1	1.0
袝.袚. 小芯谢芯胁褜械胁芯泄	security_apparatus	1	1	1.0
袝.袛. 小芯泻芯谢芯胁芯泄	press_media	1	2	0.5
袝.袛. 小芯泻芯谢芯胁芯泄	security_apparatus	1	2	0.5
袝.袠. 袥邪泻懈写褘	party_apparatus	1	1	1.0
袝.袠. 袥邪泻懈写褘	press_media	1	1	1.0
袝.袠. 袥邪泻懈写褘	security_apparatus	1	1	1.0
袝.袠. 袦邪泄蟹谢懈薪芯泄	party_apparatus	1	2	0.5
袝.袠. 袦械写泻芯胁邪	international	1	1	1.0
袝.袠. 袦械写泻芯胁邪	party_apparatus	1	1	1.0
袝.袠. 袦械写泻芯胁邪	security_apparatus	1	1	1.0
袝.袠. 袩械褉谢懈薪邪	party_apparatus	1	1	1.0
袝.袠. 袩械褉谢懈薪邪	security_apparatus	1	1	1.0
袝.袣. 袣芯褉褕褍薪芯胁邪	press_media	1	3	0.3333
袝.袣. 袦褍褏邪薪芯胁芯泄	international	1	13	0.0769
袝.袣. 袦褍褏邪薪芯胁芯泄	state_apparatus	1	13	0.0769
袝.袦. 袘芯褔邪褉芯胁邪	party_apparatus	1	1	1.0
袝.袦. 袘芯褔邪褉芯胁邪	security_apparatus	1	1	1.0
袝.袦. 袛械斜褉械胁邪	party_apparatus	1	1	1.0
袝.袦. 袛械斜褉械胁邪	security_apparatus	1	1	1.0
袝.袦. 袦邪薪褞褉懈薪-袘褉芯胁邪褉褋泻懈泄	party_apparatus	1	2	0.5
袝.袦. 袩褉褍卸邪薪褋泻芯泄	party_apparatus	1	1	1.0
袝.袦. 袩褉褍卸邪薪褋泻芯泄	security_apparatus	1	1	1.0
袝.袦. 携褉芯褋谢邪胁褋泻懈屑	party_apparatus	1	1	1.0
袝.袨. 小懈屑邪泻	party_apparatus	1	2	0.5
袝.袨. 小懈屑邪泻	state_apparatus	1	2	0.5
袝.袩. 袪褍写薪械胁芯泄	security_apparatus	1	1	1.0
袝.袪. 袦邪泄械褉邪	party_apparatus	1	2	0.5
袝.小. 袦械谢褜薪懈泻芯胁芯泄	party_apparatus	1	1	1.0
袝.小. 袦械谢褜薪懈泻芯胁芯泄	security_apparatus	1	1	1.0
袝.孝. 孝懈屑芯褎械械胁邪	party_apparatus	1	1	1.0
袝.孝. 效械褉泻邪褋芯胁芯泄	party_apparatus	1	1	1.0
袝.孝. 效械褉泻邪褋芯胁芯泄	security_apparatus	1	1	1.0
袝.肖. 袝褉屑芯谢邪械胁芯泄	party_apparatus	1	1	1.0
袝.肖. 袝褉屑芯谢邪械胁芯泄	security_apparatus	1	1	1.0
袝.肖. 袣褍谢懈泻芯胁褘屑	party_apparatus	1	1	1.0
袝.肖. 袣褍谢懈泻芯胁褘屑	press_media	1	1	1.0
袝.肖. 孝芯泄胁芯-袩械褕懈薪邪	party_apparatus	1	1	1.0
袝.肖. 孝芯泄胁芯-袩械褕懈薪邪	security_apparatus	1	1	1.0
袝.协. 效械褉薪芯蟹褍斜芯胁芯泄	security_apparatus	1	1	1.0
袝.挟. 袪邪械胁褋泻芯泄	party_apparatus	1	4	0.25
袝.挟. 袪邪械胁褋泻芯泄	press_media	1	4	0.25
袝.挟. 袪邪械胁褋泻芯泄	state_apparatus	1	4	0.25
袝.携. 袘褍泻谢械褟	party_apparatus	1	1	1.0
袝.携. 袘褍泻谢械褟	security_apparatus	1	1	1.0
袟.袗. 袗褕褉邪褎褟薪邪	international	1	4	0.25
袟.袗. 袗褕褉邪褎褟薪邪	state_apparatus	1	4	0.25
袟.袛. 啸邪薪懈泻	party_apparatus	1	2	0.5
袟.袛. 啸邪薪懈泻	press_media	1	2	0.5
袟.袛. 啸邪薪懈泻	security_apparatus	1	2	0.5
袟.袝. 小邪褉泻懈褋褜褟薪邪	party_apparatus	1	1	1.0
袟.袝. 小邪褉泻懈褋褜褟薪邪	press_media	1	1	1.0
袟.袝. 小邪褉泻懈褋褜褟薪邪	security_apparatus	1	1	1.0
袟.袝. 小邪褉泻懈褋褜褟薪邪	state_apparatus	1	1	1.0
袟.袠. 袛邪胁褘写芯胁芯泄	party_apparatus	1	6	0.1667
袟.袠. 袩械谢械胁懈薪芯泄	security_apparatus	1	3	0.3333
袟.袠. 肖褉懈写屑邪薪邪	international	1	1	1.0
袟.袠. 肖褉懈写屑邪薪邪	party_apparatus	1	1	1.0
袟.袠. 肖褉懈写屑邪薪邪	press_media	1	1	1.0
袟.袠. 肖褉懈写屑邪薪邪	security_apparatus	1	1	1.0
袟.袧. 袚邪泄写械褉芯胁芯泄	security_apparatus	1	1	1.0
袟.小. 小懈薪懈褑懈薪芯泄	party_apparatus	1	1	1.0
袟.小. 小懈薪懈褑懈薪芯泄	security_apparatus	1	1	1.0
袠.袗. 袗泻褍谢芯胁褍	party_apparatus	1	1	1.0
袠.袗. 袗泻褍谢芯胁褍	press_media	1	1	1.0
袠.袗. 袗泻褍谢芯胁褍	security_apparatus	1	1	1.0
袠.袗. 袗泻褍谢芯胁褍	state_apparatus	1	1	1.0
袠.袗. 袛邪薪懈谢芯胁邪	party_apparatus	1	1	1.0
袠.袗. 袛邪薪懈谢芯胁邪	press_media	1	1	1.0
袠.袗. 袛邪薪懈谢芯胁邪	security_apparatus	1	1	1.0
袠.袗. 袦邪谢褜谐懈薪邪	international	1	1	1.0
袠.袗. 袦邪谢褜谐懈薪邪	party_apparatus	1	1	1.0
袠.袗. 袦邪谢褜谐懈薪邪	press_media	1	1	1.0
袠.袗. 袦邪谢褜谐懈薪邪	security_apparatus	1	1	1.0
袠.袗. 袦邪褋谢械薪薪懈泻芯胁邪	party_apparatus	1	1	1.0
袠.袗. 袦邪褋谢械薪薪懈泻芯胁邪	security_apparatus	1	1	1.0
袠.袗. 袦褍褋褍谢褜斜邪褋邪	state_apparatus	1	7	0.1429
袠.袙. 袘芯谢褜褕懈褏	party_apparatus	1	1	1.0
袠.袙. 袘芯谢褜褕懈褏	security_apparatus	1	1	1.0
袠.袙. 袘芯谢褜褕懈褏	state_apparatus	1	1	1.0
袠.袙. 袙邪褉写懈薪-袦谐械谢邪写蟹械	international	1	1	1.0
袠.袙. 袙邪褉写懈薪-袦谐械谢邪写蟹械	party_apparatus	1	1	1.0
袠.袙. 袙邪褉写懈薪-袦谐械谢邪写蟹械	press_media	1	1	1.0
袠.袙. 袙邪褉写懈薪-袦谐械谢邪写蟹械	security_apparatus	1	1	1.0
袠.袙. 袥懈锌泻芯胁褋泻芯谐芯	security_apparatus	1	1	1.0
袠.袙. 袥褞斜懈薪邪	party_apparatus	1	1	1.0
袠.袙. 袥褞斜懈薪邪	security_apparatus	1	1	1.0
袠.袚. 袞械褋褌褟薪薪懈泻芯胁邪	party_apparatus	1	1	1.0
袠.袚. 袞械褋褌褟薪薪懈泻芯胁邪	security_apparatus	1	1	1.0
袠.袚. 挟褋泻懈薪邪	party_apparatus	1	8	0.125
袠.袛. 袟芯褉懈薪邪	party_apparatus	1	1	1.0
袠.袛. 袟芯褉懈薪邪	security_apparatus	1	1	1.0
袠.袛. 孝褍褉芯泻邪	press_media	1	3	0.3333
袠.袛. 孝褍褉芯泻邪	state_apparatus	1	3	0.3333
袠.袝. 楔屑褍薪写邪泻邪	party_apparatus	1	1	1.0
袠.袝. 楔屑褍薪写邪泻邪	security_apparatus	1	1	1.0
袠.袟. 小褌邪薪泻懈薪邪	party_apparatus	1	1	1.0
袠.袟. 小褌邪薪泻懈薪邪	security_apparatus	1	1	1.0
袠.袠. 袘褍褉谢邪泻芯胁邪	judicial_apparatus	1	3	0.3333
袠.袠. 袚芯褉芯胁懈褔邪	international	1	4	0.25
袠.袠. 袚褉邪褕械	international	1	1	1.0
袠.袠. 袚褉邪褕械	party_apparatus	1	1	1.0
袠.袠. 袚褉邪褕械	press_media	1	1	1.0
袠.袠. 袚褉邪褕械	security_apparatus	1	1	1.0
袠.袠. 袣芯泄谐械薪	international	1	1	1.0
袠.袠. 袣芯泄谐械薪	party_apparatus	1	1	1.0
袠.袠. 袣芯泄谐械薪	security_apparatus	1	1	1.0
袠.袠. 袣芯褌芯谢褘薪芯胁褘屑	party_apparatus	1	3	0.3333
袠.袠. 袧芯褋泻芯胁邪	party_apparatus	1	1	1.0
袠.袠. 袧芯褋泻芯胁邪	press_media	1	1	1.0
袠.袠. 袧芯褋泻芯胁邪	security_apparatus	1	1	1.0
袠.袠. 袩械褌褍褏芯胁邪	party_apparatus	1	1	1.0
袠.袠. 袩械褌褍褏芯胁邪	press_media	1	1	1.0
袠.袠. 袪械泄薪谐芯谢褜写邪	judicial_apparatus	1	11	0.0909
袠.袠. 袪械泄薪谐芯谢褜写邪	press_media	1	11	0.0909
袠.袠. 袪械泄薪芯谐谢褜写邪	press_media	1	1	1.0
袠.袠. 袪褘褋褌懈泻邪	party_apparatus	1	1	1.0
袠.袠. 袪褘褋褌懈泻邪	security_apparatus	1	1	1.0
袠.袠. 小芯谢芯胁褜械胁邪	party_apparatus	1	1	1.0
袠.袠. 小芯谢芯胁褜械胁邪	security_apparatus	1	1	1.0
袠.袣. 袚芯谐褍邪	security_apparatus	1	1	1.0
袠.袣. 袚芯谐褍邪	state_apparatus	1	1	1.0
袠.袣. 袧邪褍屑芯胁邪	international	1	6	0.1667
袠.袣. 袧邪褍屑芯胁邪	state_apparatus	1	6	0.1667
袠.袣. 肖械写芯褌芯胁邪	international	1	3	0.3333
袠.袣. 肖械写芯褌芯胁邪	press_media	1	3	0.3333
袠.袣. 肖械写芯褌芯胁邪	state_apparatus	1	3	0.3333
袠.袦. 袘褘泻-袘械泻	international	1	2	0.5
袠.袦. 袘褘泻-袘械泻	security_apparatus	1	2	0.5
袠.袦. 袣械写褉芯胁邪	party_apparatus	1	1	1.0
袠.袦. 袣械写褉芯胁邪	security_apparatus	1	1	1.0
袠.袦. 袦邪泄褋泻芯谐芯	party_apparatus	1	1	1.0
袠.袦. 袦邪泄褋泻芯谐芯	state_apparatus	1	1	1.0
袠.袦. 袨褉谢芯胁褋泻邪褟-袦褉邪褔泻芯胁褋泻邪褟	party_apparatus	1	1	1.0
袠.袦. 袨褉谢芯胁褋泻邪褟-袦褉邪褔泻芯胁褋泻邪褟	security_apparatus	1	1	1.0
袠.袦. 袩芯泻邪褌懈谢芯胁褋泻芯谐芯	party_apparatus	1	1	1.0
袠.袦. 袩芯泻邪褌懈谢芯胁褋泻芯谐芯	security_apparatus	1	1	1.0
袠.袦. 袪褍褋邪薪芯胁邪	party_apparatus	1	1	1.0
袠.袦. 袪褍褋邪薪芯胁邪	security_apparatus	1	1	1.0
袠.袧. 袛芯褉芯褕械薪泻芯	security_apparatus	1	1	1.0
袠.袧. 袟械谢懈泻褋芯薪邪	international	1	1	1.0
袠.袧. 袟械谢懈泻褋芯薪邪	party_apparatus	1	1	1.0
袠.袧. 袟械谢懈泻褋芯薪邪	security_apparatus	1	1	1.0
袠.袧. 袦懈褉芯薪芯胁邪	party_apparatus	1	1	1.0
袠.袧. 袦懈褉芯薪芯胁邪	press_media	1	1	1.0
袠.袧. 袦懈褉芯薪芯胁邪	security_apparatus	1	1	1.0
袠.袩. 袘邪泻邪械胁邪	judicial_apparatus	1	13	0.0769
袠.袩. 袘邪泻邪械胁褘屑	judicial_apparatus	1	3	0.3333
袠.袩. 袥褍泻褜褟薪芯胁邪	party_apparatus	1	1	1.0
袠.袩. 袥褍泻褜褟薪芯胁邪	security_apparatus	1	1	1.0
袠.小. 袚芯褉褕械薪懈薪邪	state_apparatus	1	12	0.0833
袠.小. 袦懈褏邪泄谢芯胁邪	security_apparatus	1	2	0.5
袠.孝. 袞懈褉芯胁邪	party_apparatus	1	1	1.0
袠.孝. 小屑懈谢谐懈	international	1	4	0.25
袠.孝. 小屑懈谢谐懈	security_apparatus	1	4	0.25
袠.肖. 袣邪褋锌械褉褋泻芯谐芯	party_apparatus	1	4	0.25
袠.肖. 小械褉械谐懈薪邪	party_apparatus	1	1	1.0
袠.肖. 小械褉械谐懈薪邪	security_apparatus	1	1	1.0
袠.肖. 肖谢邪泻褋邪	party_apparatus	1	1	1.0
袠.肖. 肖谢邪泻褋邪	security_apparatus	1	1	1.0
袠.协. 携泻懈褉械	party_apparatus	1	1	1.0
袠.携. 袨写褘薪褟	international	1	1	1.0
袠.携. 袨写褘薪褟	party_apparatus	1	1	1.0
袠.携. 袨写褘薪褟	security_apparatus	1	1	1.0
袣.袗. 袗锌邪薪邪褋械胁懈褔邪	party_apparatus	1	1	1.0
袣.袗. 袗锌邪薪邪褋械胁懈褔邪	security_apparatus	1	1	1.0
袣.袗. 袛芯胁谐邪薪褟	party_apparatus	1	1	1.0
袣.袗. 袛芯胁谐邪薪褟	security_apparatus	1	1	1.0
袣.袗. 袨谐邪薪械褋芯胁邪	party_apparatus	1	1	1.0
袣.袗. 袨谐邪薪械褋芯胁邪	security_apparatus	1	1	1.0
袣.袙. 袚械薪械褉邪谢芯胁芯泄	party_apparatus	1	1	1.0
袣.袙. 袚械薪械褉邪谢芯胁芯泄	press_media	1	1	1.0
袣.袙. 袚械薪械褉邪谢芯胁芯泄	security_apparatus	1	1	1.0
袣.袙. 孝褉芯褎懈屑芯胁邪	party_apparatus	1	1	1.0
袣.袙. 孝褉芯褎懈屑芯胁邪	security_apparatus	1	1	1.0
袣.袛. 袦褍褔薪懈泻芯胁邪	party_apparatus	1	1	1.0
袣.袛. 袦褍褔薪懈泻芯胁邪	security_apparatus	1	1	1.0
袣.袛. 袦褍褔薪懈泻芯胁褘屑	security_apparatus	1	1	1.0
袣.袝. 袙芯褉芯褕懈谢芯胁邪	international	1	4	0.25
袣.袝. 袙芯褉芯褕懈谢芯胁邪	security_apparatus	1	4	0.25
袣.袝. 袛褍斜芯胁褋泻芯谐芯	security_apparatus	1	1	1.0
袣.袝. 袛褍斜芯胁褋泻芯谐芯	state_apparatus	1	1	1.0
袣.袣. 袘芯褕褌械写褌邪	party_apparatus	1	1	1.0
袣.袣. 袘芯褕褌械写褌邪	security_apparatus	1	1	1.0
袣.袣. 袦褍褏邪薪芯胁褘屑	security_apparatus	1	1	1.0
袣.袦. 袝褉芯褎懈褑泻芯谐芯	party_apparatus	1	1	1.0
袣.袦. 袝褉芯褎懈褑泻芯谐芯	security_apparatus	1	1	1.0
袣.袦. 袩械褌褍褏芯胁邪	party_apparatus	1	1	1.0
袣.袦. 袩械褌褍褏芯胁邪	security_apparatus	1	1	1.0
袣.袧. 袗褎芯薪懈薪邪	party_apparatus	1	1	1.0
袣.袧. 袗褎芯薪懈薪邪	security_apparatus	1	1	1.0
袣.袧. 袝屑械谢褜褟薪芯胁邪	party_apparatus	1	2	0.5
袣.小. 袦芯写械斜邪写蟹械	press_media	1	2	0.5
袣.小. 袦芯写械斜邪写蟹械	security_apparatus	1	2	0.5
袣.小. 袦芯写械斜邪写蟹械	state_apparatus	1	2	0.5
袣.肖. 袥械斜械写械胁邪	party_apparatus	1	1	1.0
袣.肖. 袥械斜械写械胁邪	security_apparatus	1	1	1.0
袣.携. 携薪褋芯薪邪	party_apparatus	1	1	1.0
袣.携. 携薪褋芯薪邪	security_apparatus	1	1	1.0
袥.袗. 袙芯褉芯薪芯胁邪	party_apparatus	1	1	1.0
袥.袗. 袙芯褉芯薪芯胁邪	security_apparatus	1	1	1.0
袥.袗. 袥邪胁褉械薪褌褜械胁邪	party_apparatus	1	3	0.3333
袥.袗. 效械褉薪芯蟹褍斜芯胁芯泄	party_apparatus	1	2	0.5
袥.袗. 楔邪褑泻懈薪邪	judicial_apparatus	1	2	0.5
袥.袗. 楔邪褑泻懈薪邪	party_apparatus	1	2	0.5
袥.袗. 楔邪褑泻懈薪邪	press_media	1	2	0.5
袥.袙. 袣芯谐邪薪褍	press_media	1	2	0.5
袥.袙. 袣芯谐邪薪褍	security_apparatus	1	2	0.5
袥.袙. 袣芯谐邪薪褍	state_apparatus	1	2	0.5
袥.袙. 袧懈泻芯谢邪械胁邪	international	1	43	0.0233
袥.袙. 袧懈泻芯谢邪械胁褘屑	international	1	4	0.25
袥.袙. 袧懈泻芯谢邪械胁褘屑	party_apparatus	1	4	0.25
袥.袚. 袥械谢械胁懈褔邪	party_apparatus	1	3	0.3333
袥.袚. 袦懈褉芯薪芯胁邪	party_apparatus	1	1	1.0
袥.袚. 袦懈褉芯薪芯胁邪	security_apparatus	1	1	1.0
袥.袛. 袚芯谐芯斜械褉懈写蟹械	judicial_apparatus	1	2	0.5
袥.袛. 袚芯谐芯斜械褉懈写蟹械	press_media	1	2	0.5
袥.袛. 孝褉芯褑泻懈泄	party_apparatus	1	28	0.0357
袥.袝. 袘褍褉泻芯胁芯泄	press_media	1	2	0.5
袥.袝. 袘褍褉泻芯胁芯泄	security_apparatus	1	2	0.5
袥.袠. 袚邪褋胁懈邪薪懈	press_media	1	3	0.3333
袥.袠. 袦邪写褜褟褉邪	international	1	1	1.0
袥.袠. 袦邪写褜褟褉邪	party_apparatus	1	1	1.0
袥.袠. 袦邪写褜褟褉芯屑	international	1	1	1.0
袥.袠. 袩械褉械谢褜褕褌械泄薪	international	1	2	0.5
袥.袣. 袩械谢懈锌械泄泻芯	party_apparatus	1	1	1.0
袥.袣. 袩械谢懈锌械泄泻芯	security_apparatus	1	1	1.0
袥.袥. 袗胁械褉斜邪褏械	party_apparatus	1	1	1.0
袥.袥. 袗胁械褉斜邪褏械	security_apparatus	1	1	1.0
袥.袦. 袟邪泻芯胁褋泻芯谐芯	party_apparatus	1	1	1.0
袥.袦. 袟邪泻芯胁褋泻芯谐芯	press_media	1	1	1.0
袥.袦. 袟邪泻芯胁褋泻芯谐芯	security_apparatus	1	1	1.0
袥.袦. 袦邪褉褜褟褋懈薪邪	state_apparatus	1	3	0.3333
袥.袦. 袨褋褌褉芯胁褋泻芯泄	party_apparatus	1	1	1.0
袥.袦. 袨褋褌褉芯胁褋泻芯泄	security_apparatus	1	1	1.0
袥.袧. 袦懈薪械褉胁懈薪芯泄	party_apparatus	1	2	0.5
袥.袨. 啸邪薪懈泻邪	security_apparatus	1	3	0.3333
袥.袩. 袘械褉懈懈	state_apparatus	1	2	0.5
袥.袩. 袞邪褕泻芯胁芯泄	security_apparatus	1	1	1.0
袥.袩. 小械褉械斜褉褟泻芯胁邪	press_media	1	3	0.3333
袥.袩. 小械褉械斜褉褟泻芯胁邪	state_apparatus	1	3	0.3333
袥.小. 袦邪屑懈褕胁懈谢懈-袦懈褕泻械胁懈褔	international	1	2	0.5
袥.小. 小芯褋薪芯胁褋泻芯谐芯	international	1	5	0.2
袥.小. 小芯褋薪芯胁褋泻芯谐芯	state_apparatus	1	5	0.2
袥.小. 孝械褉-袦懈薪邪褋芯胁	press_media	1	2	0.5
袥.小. 孝械褉-袦懈薪邪褋芯胁	state_apparatus	1	2	0.5
袥.啸. 袪芯蟹械薪斜谢褞屑邪	judicial_apparatus	1	2	0.5
袥.啸. 袪芯蟹械薪斜谢褞屑邪	press_media	1	2	0.5
袥.挟. 袘褉懈泻	security_apparatus	1	1	1.0
袥.携. 袥褞斜邪褉褋泻芯谐芯	party_apparatus	1	1	1.0
袥.携. 袥褞斜邪褉褋泻芯谐芯	press_media	1	1	1.0
袥.携. 袥褞斜邪褉褋泻芯谐芯	security_apparatus	1	1	1.0
袥.携. 袧械褏邪屑泻懈薪邪	party_apparatus	1	1	1.0
袥.携. 袧械褏邪屑泻懈薪邪	security_apparatus	1	1	1.0
袥.携. 肖邪泄胁懈谢芯胁懈褔械屑	security_apparatus	1	1	1.0
袦.袗. 袞懈褌泻芯胁邪	party_apparatus	1	1	1.0
袦.袗. 袞懈褌泻芯胁邪	press_media	1	1	1.0
袦.袗. 袞懈褌泻芯胁邪	security_apparatus	1	1	1.0
袦.袗. 袦芯褋泻胁懈薪褍	international	1	1	1.0
袦.袗. 袦芯褋泻胁懈薪褍	party_apparatus	1	1	1.0
袦.袗. 袦芯褋泻胁懈薪褍	press_media	1	1	1.0
袦.袗. 袦芯褋泻胁懈薪褍	security_apparatus	1	1	1.0
袦.袗. 袧邪褉懈屑邪薪芯胁邪	party_apparatus	1	1	1.0
袦.袗. 袧邪褉懈屑邪薪芯胁邪	security_apparatus	1	1	1.0
袦.袗. 袧褘褉褔褍泻邪	party_apparatus	1	9	0.1111
袦.袗. 袪芯蟹械薪褑胁械泄谐邪	party_apparatus	1	1	1.0
袦.袗. 袪芯蟹械薪褑胁械泄谐邪	security_apparatus	1	1	1.0
袦.袘. 效械褉薪芯屑芯褉写懈泻褍	international	1	2	0.5
袦.袙. 袘芯褉懈褋芯胁邪	security_apparatus	1	1	1.0
袦.袙. 袘褍褉褕褌械泄薪芯屑	party_apparatus	1	3	0.3333
袦.袙. 袙芯褉芯褌薪懈泻芯胁邪	party_apparatus	1	1	1.0
袦.袙. 袙芯褉芯褌薪懈泻芯胁邪	security_apparatus	1	1	1.0
袦.袙. 袛褍斜芯胁褋泻芯泄	security_apparatus	1	1	1.0
袦.袙. 袣械谢写褘褕邪	party_apparatus	1	1	1.0
袦.袙. 袣械谢写褘褕邪	security_apparatus	1	1	1.0
袦.袙. 袣芯褉芯谢褜泻芯胁邪	party_apparatus	1	7	0.1429
袦.袙. 袣芯褉芯谢褜泻芯胁邪	state_apparatus	1	7	0.1429
袦.袙. 袣褍蟹薪械褑芯胁邪	party_apparatus	1	1	1.0
袦.袙. 袣褍蟹薪械褑芯胁邪	security_apparatus	1	1	1.0
袦.袙. 袦懈褏邪泄谢懈泻邪	state_apparatus	1	2	0.5
袦.袙. 袦褍褉邪胁褜械胁邪	international	1	2	0.5
袦.袙. 袦褍褉邪胁褜械胁邪	party_apparatus	1	2	0.5
袦.袙. 袩芯蟹写械械胁芯泄	security_apparatus	1	5	0.2
袦.袚. 袚褉芯谢褜屑邪薪邪	international	1	1	1.0
袦.袚. 袚褉芯谢褜屑邪薪邪	party_apparatus	1	1	1.0
袦.袚. 袚褉芯谢褜屑邪薪邪	security_apparatus	1	1	1.0
袦.袚. 袣芯褉芯锌	security_apparatus	1	1	1.0
袦.袚. 小邪褎褜褟薪芯胁邪	international	1	2	0.5
袦.袛. 袘邪谐懈褉芯胁邪	party_apparatus	1	1	1.0
袦.袛. 袘邪谐懈褉芯胁邪	security_apparatus	1	1	1.0
袦.袛. 袣芯褔械褌芯胁芯泄	party_apparatus	1	1	1.0
袦.袛. 袣芯褔械褌芯胁芯泄	press_media	1	1	1.0
袦.袛. 袣芯褔械褌芯胁芯泄	security_apparatus	1	1	1.0
袦.袝. 袘褘褋褌褉芯胁邪	party_apparatus	1	1	1.0
袦.袝. 袘褘褋褌褉芯胁邪	press_media	1	1	1.0
袦.袝. 袘褘褋褌褉芯胁邪	security_apparatus	1	1	1.0
袦.袠. 袚邪薪褕褌邪泻邪	party_apparatus	1	1	1.0
袦.袠. 袚邪薪褕褌邪泻邪	press_media	1	1	1.0
袦.袠. 袚邪薪褕褌邪泻邪	security_apparatus	1	1	1.0
袦.袠. 袚邪薪褕褌邪泻邪	state_apparatus	1	1	1.0
袦.袠. 袚邪褟	security_apparatus	1	1	1.0
袦.袠. 袣邪褏懈邪薪懈	party_apparatus	1	1	1.0
袦.袠. 袣邪褏懈邪薪懈	security_apparatus	1	1	1.0
袦.袠. 袣邪褖械械胁邪	international	1	1	1.0
袦.袠. 袣邪褖械械胁邪	party_apparatus	1	1	1.0
袦.袠. 袣邪褖械械胁邪	press_media	1	1	1.0
袦.袠. 袧芯胁芯卸懈谢芯胁邪	state_apparatus	1	2	0.5
袦.袠. 袪褟斜懈薪懈薪芯泄	party_apparatus	1	1	1.0
袦.袠. 袪褟斜懈薪懈薪芯泄	security_apparatus	1	1	1.0
袦.袠. 孝芯屑褋泻芯泄	press_media	1	1	1.0
袦.袣. 袦褍褏邪薪芯胁芯泄	party_apparatus	1	1	1.0
袦.袣. 袦褍褏邪薪芯胁芯泄	security_apparatus	1	1	1.0
袦.袥. 袝谢懈薪邪	party_apparatus	1	1	1.0
袦.袥. 袝谢懈薪邪	security_apparatus	1	1	1.0
袦.袥. 袥械胁懈薪邪	international	1	1	1.0
袦.袥. 袥械胁懈薪邪	party_apparatus	1	1	1.0
袦.袥. 袥械胁懈薪邪	press_media	1	1	1.0
袦.袥. 袥械胁懈薪邪	security_apparatus	1	1	1.0
袦.袦. 袛芯屑斜褉芯胁褋泻懈屑	security_apparatus	1	1	1.0
袦.袦. 袣邪褉锌芯胁邪	party_apparatus	1	1	1.0
袦.袦. 袣邪褉锌芯胁邪	press_media	1	1	1.0
袦.袦. 袣邪褉锌芯胁邪	security_apparatus	1	1	1.0
袦.袦. 袣邪褉锌芯胁邪	state_apparatus	1	1	1.0
袦.袦. 袣懈谢谢械褉芯谐邪	press_media	1	6	0.1667
袦.袦. 袣懈谢谢械褉芯谐邪	state_apparatus	1	6	0.1667
袦.袦. 袣褍写褉褟褕械胁邪	state_apparatus	1	2	0.5
袦.袦. 袦邪谢懈薪芯胁邪	party_apparatus	1	1	1.0
袦.袦. 袦懈褏邪泄谢芯胁邪	party_apparatus	1	1	1.0
袦.袦. 袦懈褏邪泄谢芯胁邪	security_apparatus	1	1	1.0
袦.袦. 袨褋泻芯谢褜褋泻懈泄-肖懈薪泻械谢褜褕褌械泄薪	party_apparatus	1	1	1.0
袦.袦. 袨褋泻芯谢褜褋泻懈泄-肖懈薪泻械谢褜褕褌械泄薪	security_apparatus	1	1	1.0
袦.袦. 啸邪褉懈褌芯薪芯胁褘屑	international	1	1	1.0
袦.袦. 啸邪褉懈褌芯薪芯胁褘屑	security_apparatus	1	1	1.0
袦.袦. 效械褉械写薪懈褔械薪泻芯	party_apparatus	1	2	0.5
袦.袦. 效械褉械写薪懈褔械薪泻芯	press_media	1	2	0.5
袦.袧. 袗胁写械械胁邪	party_apparatus	1	1	1.0
袦.袧. 袛褜褟褔泻芯胁邪	party_apparatus	1	1	1.0
袦.袧. 袛褜褟褔泻芯胁邪	security_apparatus	1	1	1.0
袦.袧. 校褎懈屑褑械胁芯泄	party_apparatus	1	1	1.0
袦.袧. 校褎懈屑褑械胁芯泄	security_apparatus	1	1	1.0
袦.袧. 携泻芯胁谢械胁邪	state_apparatus	1	9	0.1111
袦.袩. 袛邪胁褘写芯胁邪	party_apparatus	1	1	1.0
袦.袩. 袛邪胁褘写芯胁邪	security_apparatus	1	1	1.0
袦.袩. 袞邪泻芯胁邪	international	1	3	0.3333
袦.袩. 袞邪泻芯胁邪	press_media	1	3	0.3333
袦.袩. 袥褍泻芯胁褋泻芯谐芯	security_apparatus	1	1	1.0
袦.袩. 袥褍泻芯胁褋泻芯谐芯	state_apparatus	1	1	1.0
袦.袩. 袩褉懈斜褘谢芯胁褋泻芯谐芯	party_apparatus	1	1	1.0
袦.袩. 袩褉懈斜褘谢芯胁褋泻芯谐芯	security_apparatus	1	1	1.0
袦.袩. 小褌褉械屑褟泻芯胁邪	party_apparatus	1	1	1.0
袦.袩. 孝芯屑褋泻芯谐芯	press_media	1	4	0.25
袦.小. 袘芯谐褍褋谢邪胁褋泻芯谐芯	international	1	4	0.25
袦.小. 袘芯谐褍褋谢邪胁褋泻芯谐芯	press_media	1	4	0.25
袦.小. 袚芯谢械薪写芯	party_apparatus	1	1	1.0
袦.小. 袚芯谢械薪写芯	press_media	1	1	1.0
袦.小. 袚芯谢械薪写芯	security_apparatus	1	1	1.0
袦.小. 袚芯谢械薪写芯	state_apparatus	1	1	1.0
袦.小. 袞邪谢褘斜懈薪邪-袘褘泻芯胁邪	party_apparatus	1	1	1.0
袦.小. 袞邪谢褘斜懈薪邪-袘褘泻芯胁邪	security_apparatus	1	1	1.0
袦.小. 袨泻褍写卸邪胁褘	security_apparatus	1	3	0.3333
袦.小. 袩邪薪褎懈谢芯胁邪	security_apparatus	1	1	1.0
袦.小. 小褌褉芯懈谢芯胁邪	party_apparatus	1	4	0.25
袦.小. 小褌褉芯懈谢芯胁邪	press_media	1	4	0.25
袦.小. 挟谐芯胁邪	party_apparatus	1	1	1.0
袦.孝. 袗薪褌芯薪芯胁邪	security_apparatus	1	2	0.5
袦.肖. 袠芯褝谢褜褋芯薪邪	party_apparatus	1	1	1.0
袦.肖. 袠芯褝谢褜褋芯薪邪	press_media	1	1	1.0
袦.肖. 袠芯褝谢褜褋芯薪邪	security_apparatus	1	1	1.0
袦.肖. 袩芯褋褌芯谢芯胁褋泻芯谐芯	press_media	1	2	0.5
袦.肖. 袩芯褋褌芯谢芯胁褋泻芯谐芯	state_apparatus	1	2	0.5
袦.肖. 楔泻懈褉褟褌芯胁褍	press_media	1	8	0.125
袦.肖. 楔泻懈褉褟褌芯胁褍	security_apparatus	1	8	0.125
袦.啸. 袨褉谢芯胁邪	press_media	1	1	1.0
袦.啸. 袨褉谢芯胁邪	security_apparatus	1	1	1.0
袦.携. 袣邪褉锌芯胁邪	party_apparatus	1	1	1.0
袦.携. 袣邪褉锌芯胁邪	press_media	1	1	1.0
袦.携. 袣邪褉锌芯胁邪	security_apparatus	1	1	1.0
袦.携. 袩褉械蟹械薪褌邪	party_apparatus	1	1	1.0
袦.携. 袩褉械蟹械薪褌邪	security_apparatus	1	1	1.0
袦.携. 袩褉械蟹械薪褌邪	state_apparatus	1	1	1.0
袦芯谢芯褌芯胁	international	1	6	0.1667
袦芯谢芯褌芯胁	state_apparatus	1	6	0.1667
袧.袗. 袘芯斜褘谢械胁邪	party_apparatus	1	1	1.0
袧.袗. 袘芯斜褘谢械胁邪	security_apparatus	1	1	1.0
袧.袗. 袝屑械谢褜褟薪芯胁邪	party_apparatus	1	1	1.0
袧.袗. 袝屑械谢褜褟薪芯胁邪	press_media	1	1	1.0
袧.袗. 袣邪褉械胁邪	judicial_apparatus	1	4	0.25
袧.袗. 袣芯褉芯谢械胁邪	party_apparatus	1	1	1.0
袧.袗. 袣芯褉芯谢械胁邪	security_apparatus	1	1	1.0
袧.袗. 袪芯蟹械薪褎械谢褜写	press_media	1	16	0.0625
袧.袗. 袪芯蟹械薪褎械谢褜写	state_apparatus	1	16	0.0625
袧.袗. 校谐谢邪薪芯胁邪	security_apparatus	1	6	0.1667
袧.袗. 笑邪褉褜泻芯胁邪	press_media	1	5	0.2
袧.袘. 小泻邪谢芯胁芯泄	party_apparatus	1	2	0.5
袧.袘. 小泻邪谢芯胁芯泄	press_media	1	2	0.5
袧.袙. 袚芯谢褍斜械薪泻芯	state_apparatus	1	11	0.0909
袧.袙. 袣芯屑芯谐芯褉芯胁邪	international	1	1	1.0
袧.袙. 袣芯屑芯谐芯褉芯胁邪	party_apparatus	1	1	1.0
袧.袙. 袣芯屑芯谐芯褉芯胁邪	press_media	1	1	1.0
袧.袙. 袣芯屑芯谐芯褉芯胁邪	security_apparatus	1	1	1.0
袧.袙. 袣芯屑芯谐芯褉芯胁邪	state_apparatus	1	1	1.0
袧.袚. 袨谢褜褏芯胁褋泻芯谐芯	party_apparatus	1	1	1.0
袧.袚. 袨谢褜褏芯胁褋泻芯谐芯	security_apparatus	1	1	1.0
袧.袚. 孝褍屑邪薪芯胁邪	party_apparatus	1	1	1.0
袧.袚. 孝褍屑邪薪芯胁邪	press_media	1	1	1.0
袧.袚. 孝褍屑邪薪芯胁邪	security_apparatus	1	1	1.0
袧.袛. 袟邪褉懈褑泻芯谐芯	state_apparatus	1	1	1.0
袧.袝. 袧懈谢械薪写械褉邪	party_apparatus	1	1	1.0
袧.袝. 袧懈谢械薪写械褉邪	security_apparatus	1	1	1.0
袧.袠. 袗薪写褉械械胁邪	security_apparatus	1	1	1.0
袧.袠. 袘褍褉邪谐芯	press_media	1	6	0.1667
袧.袠. 袦械写薪懈泻芯胁邪	party_apparatus	1	1	1.0
袧.袠. 袦械写薪懈泻芯胁邪	security_apparatus	1	1	1.0
袧.袠. 袦懈谢褜谐械胁褋泻芯谐芯	party_apparatus	1	1	1.0
袧.袠. 袦懈谢褜谐械胁褋泻芯谐芯	security_apparatus	1	1	1.0
袧.袠. 袦褍褉邪谢芯胁邪	state_apparatus	1	2	0.5
袧.袠. 袦褍褏懈薪邪	international	1	8	0.125
袧.袠. 孝褉械褌褜褟泻芯胁邪	party_apparatus	1	1	1.0
袧.袠. 孝褉械褌褜褟泻芯胁邪	security_apparatus	1	1	1.0
袧.袠. 孝褉褍斜懈械胁邪	international	1	1	1.0
袧.袠. 孝褉褍斜懈械胁邪	party_apparatus	1	1	1.0
袧.袠. 孝褉褍斜懈械胁邪	press_media	1	1	1.0
袧.袠. 孝褉褍斜懈械胁邪	security_apparatus	1	1	1.0
袧.袣. 袘褍褟薪褋泻芯谐芯	party_apparatus	1	1	1.0
袧.袣. 袘褍褟薪褋泻芯谐芯	security_apparatus	1	1	1.0
袧.袣. 袦邪谐写邪褉褜械胁邪	security_apparatus	1	2	0.5
袧.袥. 袥褍褉褜械	international	1	2	0.5
袧.袥. 袥褍褉褜械	security_apparatus	1	2	0.5
袧.袥. 袥褍褉褜械	state_apparatus	1	2	0.5
袧.袦. 袘褍泻邪谢芯胁邪	party_apparatus	1	1	1.0
袧.袦. 袘褍泻邪谢芯胁邪	security_apparatus	1	1	1.0
袧.袦. 袚邪谢褜锌械褉懈薪邪	security_apparatus	1	1	1.0
袧.袦. 袧邪褋芯薪芯胁邪	party_apparatus	1	2	0.5
袧.袧. 袗谢械泻褋械械胁邪	international	1	2	0.5
袧.袧. 袙邪薪邪谐邪	party_apparatus	1	1	1.0
袧.袧. 袙邪薪邪谐邪	security_apparatus	1	1	1.0
袧.袧. 袣芯谢芯褌懈谢懈薪邪	party_apparatus	1	1	1.0
袧.袧. 袣褉械褋褌懈薪褋泻芯谐芯	press_media	1	3	0.3333
袧.袧. 袦懈褖械薪泻芯	party_apparatus	1	2	0.5
袧.袧. 小芯懈薪邪	party_apparatus	1	1	1.0
袧.袧. 小芯懈薪邪	press_media	1	1	1.0
袧.袧. 小芯懈薪邪	security_apparatus	1	1	1.0
袧.袧. 楔邪褌褋泻懈屑	international	1	3	0.3333
袧.袧. 楔邪褌褋泻懈屑	party_apparatus	1	3	0.3333
袧.袩. 袚邪胁褉懈谢芯胁邪	party_apparatus	1	1	1.0
袧.袩. 袚邪胁褉懈谢芯胁邪	press_media	1	1	1.0
袧.袩. 袚邪胁褉懈谢芯胁邪	security_apparatus	1	1	1.0
袧.袩. 袚谢械斜芯胁-袗胁懈谢芯胁	state_apparatus	1	3	0.3333
袧.袩. 袦懈褏械褌泻芯	state_apparatus	1	3	0.3333
袧.袩. 袦褟褋薪懈泻芯胁邪	international	1	7	0.1429
袧.袪. 袣懈泻薪邪写蟹械	security_apparatus	1	1	1.0
袧.小. 袙械褉懈褌芯胁芯泄	party_apparatus	1	1	1.0
袧.小. 袙械褉懈褌芯胁芯泄	security_apparatus	1	1	1.0
袧.小. 小褘褔械胁邪	party_apparatus	1	1	1.0
袧.小. 啸褉褍褖械胁邪	party_apparatus	1	1	1.0
袧.肖. 袩械褔械褉褋泻芯谐芯	party_apparatus	1	1	1.0
袧.肖. 袩械褔械褉褋泻芯谐芯	security_apparatus	1	1	1.0
袨.袗. 袥懈写邪泻邪	party_apparatus	1	1	1.0
袨.袗. 袥懈写邪泻邪	security_apparatus	1	1	1.0
袨.袗. 袦械褕泻芯胁褋泻芯泄	international	1	1	1.0
袨.袗. 袦械褕泻芯胁褋泻芯泄	party_apparatus	1	1	1.0
袨.袗. 袦械褕泻芯胁褋泻芯泄	security_apparatus	1	1	1.0
袨.肖. 携薪泻褍褋邪	international	1	1	1.0
袨.肖. 携薪泻褍褋邪	party_apparatus	1	1	1.0
袨.肖. 携薪泻褍褋邪	security_apparatus	1	1	1.0
袨谢褜斜械褉谐	state_apparatus	1	94	0.0106
袩.袗. 袘邪泻邪	party_apparatus	1	1	1.0
袩.袗. 袣褉邪胁泻芯胁邪	security_apparatus	1	1	1.0
袩.袙. 效懈褋褌芯胁褍	security_apparatus	1	1	1.0
袩.袚. 袨褉谢芯胁邪	party_apparatus	1	1	1.0
袩.袚. 袩械褌褉芯胁褋泻芯谐芯	international	1	2	0.5
袩.袚. 袩械褌褉芯胁褋泻芯谐芯	state_apparatus	1	2	0.5
袩.袠. 袘邪泻邪械胁邪	security_apparatus	1	1	1.0
袩.袠. 袘械褋泻懈薪芯泄	press_media	1	6	0.1667
袩.袠. 袚芯褉写械械胁芯泄	state_apparatus	1	3	0.3333
袩.袠. 袞懈褉芯屑褋泻芯谐芯	party_apparatus	1	1	1.0
袩.袠. 袞懈褉芯屑褋泻芯谐芯	security_apparatus	1	1	1.0
袩.袠. 楔邪斜邪谢泻懈薪邪	party_apparatus	1	1	1.0
袩.袠. 楔邪斜邪谢泻懈薪邪	security_apparatus	1	1	1.0
袩.袣. 袗谢械泻褋邪薪写褉芯胁邪	international	1	2	0.5
袩.袣. 袗谢械泻褋邪薪写褉芯胁邪	press_media	1	2	0.5
袩.袣. 袗谢械泻褋邪薪写褉芯胁邪	security_apparatus	1	2	0.5
袩.袣. 袘邪褕械薪泻芯胁邪	party_apparatus	1	1	1.0
袩.袣. 袘邪褕械薪泻芯胁邪	state_apparatus	1	1	1.0
袩.袧. 袣邪褕懈薪邪	party_apparatus	1	1	1.0
袩.袧. 袣邪褕懈薪邪	security_apparatus	1	1	1.0
袩.袧. 袣芯褉芯谢械胁邪	party_apparatus	1	1	1.0
袩.袧. 袣芯褉芯谢械胁邪	security_apparatus	1	1	1.0
袩.袧. 袪芯泻芯褋邪	party_apparatus	1	1	1.0
袩.袧. 袪芯泻芯褋邪	security_apparatus	1	1	1.0
袩.袩. 袘褍褉屑懈褋褌褉芯胁邪	party_apparatus	1	2	0.5
袩.袩. 袚褉懈谐芯褉褜械胁邪	party_apparatus	1	1	1.0
袩.袩. 袚褉懈谐芯褉褜械胁邪	security_apparatus	1	1	1.0
袩.袩. 小械胁械褉芯胁邪	party_apparatus	1	2	0.5
袩.袩. 小械胁械褉芯胁褘屑	security_apparatus	1	1	1.0
袩.孝. 袘芯谐邪褔械胁邪	party_apparatus	1	1	1.0
袩.孝. 袘芯谐邪褔械胁邪	security_apparatus	1	1	1.0
袩.肖. 袟邪泄褑械胁邪	press_media	1	3	0.3333
袩.肖. 袩芯谢褟泻芯胁褘屑	security_apparatus	1	1	1.0
袩.肖. 小邪锌芯卸薪懈泻芯胁邪	state_apparatus	1	3	0.3333
袩褟褌邪泻芯胁	judicial_apparatus	1	22	0.0455
袪.袗. 袚褉褞薪褕褌械泄薪	party_apparatus	1	1	1.0
袪.袗. 袚褉褞薪褕褌械泄薪	security_apparatus	1	1	1.0
袪.袙. 袩懈泻械谢褟	judicial_apparatus	1	4	0.25
袪.袙. 袩懈泻械谢褟	press_media	1	4	0.25
袪.袚. 袦懈薪写械谢褜	party_apparatus	1	1	1.0
袪.袚. 袦懈薪写械谢褜	security_apparatus	1	1	1.0
袪.袚. 袦懈薪写械谢褜	state_apparatus	1	1	1.0
袪.袠. 孝芯写芯褉褋泻芯泄	party_apparatus	1	1	1.0
袪.袠. 孝芯写芯褉褋泻芯泄	security_apparatus	1	1	1.0
袪.袠. 协泄褏械	party_apparatus	1	1	1.0
袪.袦. 袣褍谢懈褕械褉邪	party_apparatus	1	4	0.25
袪.袦. 袣褍谢懈褕械褉邪	state_apparatus	1	4	0.25
袪.袩. 袣邪褌邪薪褟薪邪	party_apparatus	1	1	1.0
袪.袩. 袣邪褌邪薪褟薪邪	press_media	1	1	1.0
袪.袩. 袣邪褌邪薪褟薪邪	security_apparatus	1	1	1.0
袪.小. 袘械薪薪械褌	international	1	2	0.5
袪.肖. 袘褉邪屑斜懈谢谢芯	party_apparatus	1	1	1.0
袪.肖. 袘褉邪屑斜懈谢谢芯	security_apparatus	1	1	1.0
袪邪写懈薪	international	1	2	0.5
袪邪写懈薪	press_media	1	2	0.5
袪邪写懈薪	security_apparatus	1	2	0.5
小.袗. 袗褋懈谢芯胁邪	party_apparatus	1	1	1.0
小.袗. 袗褋懈谢芯胁邪	press_media	1	1	1.0
小.袗. 袗褋懈谢芯胁邪	security_apparatus	1	1	1.0
小.袗. 袘邪斜械薪泻芯	judicial_apparatus	1	1	1.0
小.袗. 袘邪斜械薪泻芯	security_apparatus	1	1	1.0
小.袗. 袚芯谐谢懈写蟹械	party_apparatus	1	2	0.5
小.袗. 袩芯褋胁芯谢褜褋泻芯谐芯	party_apparatus	1	1	1.0
小.袗. 袪邪械胁褋泻芯谐芯	party_apparatus	1	1	1.0
小.袗. 袪邪械胁褋泻芯谐芯	security_apparatus	1	1	1.0
小.袗. 袪芯蟹械薪褌褉械褌械褉邪	party_apparatus	1	1	1.0
小.袗. 袪芯蟹械薪褌褉械褌械褉邪	security_apparatus	1	1	1.0
小.袗. 袪褍写薪械胁邪	security_apparatus	1	1	1.0
小.袗. 小邪褉泻懈褋芯胁邪	party_apparatus	1	1	1.0
小.袗. 小邪褉泻懈褋芯胁邪	security_apparatus	1	1	1.0
小.袗. 孝褍褉芯胁褋泻芯谐芯	party_apparatus	1	1	1.0
小.袗. 孝褍褉芯胁褋泻芯谐芯	press_media	1	1	1.0
小.袗. 效懈褏谢邪写蟹械	press_media	1	6	0.1667
小.袗. 效懈褏谢邪写蟹械	security_apparatus	1	6	0.1667
小.袗. 楔邪褏懈写卸邪薪褟薪	security_apparatus	1	1	1.0
小.袙. 袦褉邪褔泻芯胁褋泻芯屑	party_apparatus	1	1	1.0
小.袙. 袦褉邪褔泻芯胁褋泻芯屑	press_media	1	1	1.0
小.袙. 袦褉邪褔泻芯胁褋泻芯屑	security_apparatus	1	1	1.0
小.袙. 袧芯褋芯胁邪	party_apparatus	1	1	1.0
小.袙. 袧芯褋芯胁邪	security_apparatus	1	1	1.0
小.袙. 小谢邪褖械胁邪	party_apparatus	1	1	1.0
小.袙. 小谢邪褖械胁邪	security_apparatus	1	1	1.0
小.袚. 袙懈薪芯谐褉邪写芯胁邪	party_apparatus	1	1	1.0
小.袚. 袚褉芯写蟹械薪褋泻芯谐芯	party_apparatus	1	1	1.0
小.袚. 袚褉芯写蟹械薪褋泻芯谐芯	security_apparatus	1	1	1.0
小.袚. 袚褉芯写蟹械薪褋泻芯谐芯	state_apparatus	1	1	1.0
小.袚. 袪邪写芯屑褘褋谢褜褋泻芯谐芯	press_media	1	2	0.5
小.袚. 小械屑械薪芯胁邪	party_apparatus	1	1	1.0
小.袚. 小械屑械薪芯胁邪	security_apparatus	1	1	1.0
小.袚. 孝芯屑褋懈薪褋泻芯谐芯	party_apparatus	1	1	1.0
小.袚. 孝芯屑褋懈薪褋泻芯谐芯	security_apparatus	1	1	1.0
小.袝. 协泄写屑邪薪邪	party_apparatus	1	1	1.0
小.袝. 协泄写屑邪薪邪	security_apparatus	1	1	1.0
小.袠. 袣邪胁褌邪褉邪写蟹械	party_apparatus	1	1	1.0
小.袠. 袣邪胁褌邪褉邪写蟹械	security_apparatus	1	1	1.0
小.袠. 袥褍泻邪褕懈泻邪	press_media	1	3	0.3333
小.袠. 袥褍泻邪褕懈泻邪	state_apparatus	1	3	0.3333
小.袥. 袣褉懈胁芯薪芯褋邪	security_apparatus	1	1	1.0
小.袥. 小胁懈褉褋泻芯谐芯	judicial_apparatus	1	1	1.0
小.袥. 小胁懈褉褋泻芯谐芯	party_apparatus	1	1	1.0
小.袦. 袞懈褌芯屑懈褉褋泻芯谐芯	party_apparatus	1	1	1.0
小.袦. 袞懈褌芯屑懈褉褋泻芯谐芯	security_apparatus	1	1	1.0
小.袦. 袟邪泻褋-袚谢邪写薪械胁	party_apparatus	1	2	0.5
小.袦. 袟邪泻褋-袚谢邪写薪械胁	press_media	1	2	0.5
小.袦. 袟邪泻褋-袚谢邪写薪械胁	security_apparatus	1	2	0.5
小.袦. 袟邪泻褋-袚谢邪写薪械胁	state_apparatus	1	2	0.5
小.袦. 孝邪屑邪褉泻懈薪邪	party_apparatus	1	1	1.0
小.袧. 袘芯谐褉邪褔械胁邪	party_apparatus	1	1	1.0
小.袧. 袘芯谐褉邪褔械胁邪	security_apparatus	1	1	1.0
小.袧. 袘芯谐褉邪褔械胁褘屑	security_apparatus	1	1	1.0
小.袧. 袘芯谐褉邪褔械胁褘屑	state_apparatus	1	1	1.0
小.袧. 小械写褘褏	party_apparatus	1	1	1.0
小.袧. 小械写褘褏	security_apparatus	1	1	1.0
小.袧. 笑褘斜褍谢褜薪懈泻邪	party_apparatus	1	1	1.0
小.袧. 笑褘斜褍谢褜薪懈泻邪	security_apparatus	1	1	1.0
小.袧. 笑褘斜褍谢褜薪懈泻邪	state_apparatus	1	1	1.0
小.袨. 袗泻芯锌褜褟薪邪	party_apparatus	1	1	1.0
小.袨. 袗泻芯锌褜褟薪邪	security_apparatus	1	1	1.0
小.袨. 袦邪薪写械谢褜褕褌邪屑邪	party_apparatus	1	2	0.5
小.袨. 袦邪薪写械谢褜褕褌邪屑邪	security_apparatus	1	2	0.5
小.袩. 袣邪谢邪褕薪懈泻芯胁邪	party_apparatus	1	2	0.5
小.袩. 袦懈薪邪械胁邪	party_apparatus	1	2	0.5
小.袩. 袪邪械胁褋泻芯谐芯	party_apparatus	1	1	1.0
小.袩. 袪邪械胁褋泻芯谐芯	security_apparatus	1	1	1.0
小.袩. 袪邪褋锌械胁邪泻懈薪邪	party_apparatus	1	1	1.0
小.袩. 袪邪褋锌械胁邪泻懈薪邪	security_apparatus	1	1	1.0
小.袩. 孝械褉懈褏芯胁邪	party_apparatus	1	1	1.0
小.袩. 孝械褉懈褏芯胁邪	state_apparatus	1	1	1.0
小.小. 袟芯褉懈薪邪	press_media	1	2	0.5
小.小. 袟芯褉懈薪邪	security_apparatus	1	2	0.5
小.小. 袪邪胁胁褘	judicial_apparatus	1	1	1.0
小.小. 袪邪胁胁褘	party_apparatus	1	1	1.0
小.小. 袪邪胁胁褘	security_apparatus	1	1	1.0
小.孝. 校蟹写邪薪褋泻芯谐芯	party_apparatus	1	1	1.0
小.孝. 校蟹写邪薪褋泻芯谐芯	security_apparatus	1	1	1.0
小.肖. 袙邪褋懈谢褜褔械薪泻芯	international	1	1	1.0
小.肖. 袙邪褋懈谢褜褔械薪泻芯	party_apparatus	1	1	1.0
小.肖. 袙邪褋懈谢褜褔械薪泻芯	security_apparatus	1	1	1.0
小.肖. 袚械谢邪褕胁懈谢懈	party_apparatus	1	1	1.0
小.啸. 袙邪褉写邪薪懈邪薪邪	press_media	1	4	0.25
小.啸. 袙邪褉写邪薪懈邪薪邪	state_apparatus	1	4	0.25
小.携. 袘邪斜邪褏邪薪邪	international	1	2	0.5
小械写芯胁	international	1	78	0.0128
小械写芯胁	security_apparatus	1	78	0.0128
小屑懈褉薪芯胁	state_apparatus	1	10	0.1
小芯泻芯谢褜薪懈泻芯胁	international	1	18	0.0556
孝.袙. 袦械褕泻芯胁褋泻芯谐芯	international	1	1	1.0
孝.袙. 袦械褕泻芯胁褋泻芯谐芯	party_apparatus	1	1	1.0
孝.袙. 袦械褕泻芯胁褋泻芯谐芯	press_media	1	1	1.0
孝.袙. 袦械褕泻芯胁褋泻芯谐芯	security_apparatus	1	1	1.0
孝.袚. 袚邪褌邪褍谢懈薪邪	party_apparatus	1	2	0.5
孝.袠. 袚谢械斜芯胁芯泄	international	1	9	0.1111
孝.袠. 袚谢械斜芯胁芯泄	state_apparatus	1	9	0.1111
孝.袩. 袛械薪懈褋芯胁芯泄	press_media	1	2	0.5
孝.袪. 袥械胁懈薪芯泄	international	1	2	0.5
孝.袪. 袥械胁懈薪芯泄	press_media	1	2	0.5
孝.袪. 袥械胁懈薪芯泄	security_apparatus	1	2	0.5
肖.袗. 袣褋械薪芯褎芯薪褌芯胁邪	party_apparatus	1	1	1.0
肖.袗. 袣褋械薪芯褎芯薪褌芯胁邪	press_media	1	1	1.0
肖.袙. 袣懈锌邪褉懈褋芯胁邪	party_apparatus	1	1	1.0
肖.袙. 袣懈锌邪褉懈褋芯胁邪	security_apparatus	1	1	1.0
肖.袙. 袦械写胁械写械胁邪	party_apparatus	1	1	1.0
肖.袙. 袦械写胁械写械胁邪	security_apparatus	1	1	1.0
肖.袙. 携斜谢芯薪褋泻芯泄	party_apparatus	1	1	1.0
肖.袙. 携斜谢芯薪褋泻芯泄	security_apparatus	1	1	1.0
肖.袛. 袣芯褉薪褞褕懈薪邪	party_apparatus	1	1	1.0
肖.袠. 袙邪泄褋斜械褉谐邪	party_apparatus	1	2	0.5
肖.袠. 袙邪泄褋斜械褉谐邪	security_apparatus	1	2	0.5
肖.袠. 袙邪泄褋斜械褉谐邪	state_apparatus	1	2	0.5
肖.袠. 袦械褉蟹谢懈泻懈薪邪	party_apparatus	1	1	1.0
肖.袠. 袦械褉蟹谢懈泻懈薪邪	security_apparatus	1	1	1.0
肖.袠. 袦褍蟹褘泻懈	international	1	1	1.0
肖.袠. 袦褍蟹褘泻懈	party_apparatus	1	1	1.0
肖.袠. 袦褍蟹褘泻懈	security_apparatus	1	1	1.0
肖.袠. 袧懈泻芯谐写邪	party_apparatus	1	1	1.0
肖.袠. 袧懈泻芯谐写邪	security_apparatus	1	1	1.0
肖.袠. 楔褍斜懈薪邪	party_apparatus	1	1	1.0
肖.袠. 楔褍斜懈薪邪	security_apparatus	1	1	1.0
肖.袣. 袪芯蟹械薪斜邪褏邪	security_apparatus	1	1	1.0
肖.袩. 袦械写胁械写械胁邪	international	1	1	1.0
肖.袩. 袦械写胁械写械胁邪	party_apparatus	1	1	1.0
肖.袩. 袦械写胁械写械胁邪	security_apparatus	1	1	1.0
肖.袩. 楔胁邪谢褜斜械	party_apparatus	1	1	1.0
肖.袩. 楔胁邪谢褜斜械	press_media	1	1	1.0
肖.肖. 袠芯褝谢褜褋芯薪	party_apparatus	1	1	1.0
肖.肖. 袠芯褝谢褜褋芯薪	security_apparatus	1	1	1.0
啸.袗. 袥懈胁褕懈褑	party_apparatus	1	1	1.0
啸.袗. 袥懈胁褕懈褑	security_apparatus	1	1	1.0
啸.袚. 袚褍褉械胁懈褔邪	judicial_apparatus	1	3	0.3333
啸.袚. 袚褍褉械胁懈褔邪	state_apparatus	1	3	0.3333
啸.袚. 袪邪泻芯胁褋泻芯谐芯	press_media	1	3	0.3333
啸.袚. 袪邪泻芯胁褋泻芯谐芯	security_apparatus	1	3	0.3333
效谢械薪芯胁	international	1	14	0.0714
效谢械薪芯胁	state_apparatus	1	14	0.0714
楔.袦. 袛胁芯谢邪泄褑泻芯谐芯	party_apparatus	1	1	1.0
协.袘. 袗斜褉邪屑褋芯薪邪	party_apparatus	1	2	0.5
协.袚. 袥械泄泻懈薪邪	international	1	1	1.0
协.袚. 袥械泄泻懈薪邪	party_apparatus	1	1	1.0
协.袚. 袥械泄泻懈薪邪	press_media	1	1	1.0
协.袟. 袚芯谢褜写械薪斜械褉谐邪	international	1	1	1.0
协.袟. 袚芯谢褜写械薪斜械褉谐邪	party_apparatus	1	1	1.0
协.袟. 袚芯谢褜写械薪斜械褉谐邪	press_media	1	1	1.0
协.袣. 袣芯薪褋褌邪薪褌邪	international	1	1	1.0
协.袣. 袣芯薪褋褌邪薪褌邪	party_apparatus	1	1	1.0
协.袣. 袣芯薪褋褌邪薪褌邪	security_apparatus	1	1	1.0
协.袧. 袗写褍薪褋泻芯泄	party_apparatus	1	1	1.0
协.袧. 袗写褍薪褋泻芯泄	press_media	1	1	1.0
协.袧. 袗写褍薪褋泻芯泄	security_apparatus	1	1	1.0
协.袪. 袩械褌械褉褋芯薪	party_apparatus	1	1	1.0
协.袪. 袩械褌械褉褋芯薪	security_apparatus	1	1	1.0
协.小. 袚芯谢褜褑屑邪薪邪	state_apparatus	1	4	0.25
挟.袘. 孝邪褉褌邪泻芯胁褋泻芯泄	party_apparatus	1	2	0.5
挟.袚. 袨褋褌褉芯胁褋泻芯谐芯	party_apparatus	1	1	1.0
挟.袚. 袨褋褌褉芯胁褋泻芯谐芯	security_apparatus	1	1	1.0
挟.袛. 校褉褍褋芯胁邪	party_apparatus	1	1	1.0
挟.袛. 校褉褍褋芯胁邪	security_apparatus	1	1	1.0
挟.袠. 袛褍泻邪褌邪	party_apparatus	1	1	1.0
挟.袠. 袛褍泻邪褌邪	security_apparatus	1	1	1.0
挟.袦. 袣芯褑褞斜懈薪褋泻芯谐芯	judicial_apparatus	1	3	0.3333
挟.袦. 袣芯褑褞斜懈薪褋泻芯谐芯	press_media	1	3	0.3333
挟.袦. 袣芯褑褞斜懈薪褋泻芯谐芯	state_apparatus	1	3	0.3333
挟.袪. 袟邪泻谐械泄屑邪	party_apparatus	1	1	1.0
挟.袪. 袟邪泻谐械泄屑邪	security_apparatus	1	1	1.0
挟.小. 肖褉懈写谢褟薪写邪	party_apparatus	1	1	1.0
挟.小. 肖褉懈写谢褟薪写邪	security_apparatus	1	1	1.0
携.袗. 袥懈胁褕懈褑邪	international	1	4	0.25
携.袗. 袥懈胁褕懈褑邪	press_media	1	4	0.25
携.袗. 袥懈胁褕懈褑械屑	party_apparatus	1	1	1.0
携.袗. 袥懈胁褕懈褑械屑	security_apparatus	1	1	1.0
携.袙. 袗锌褍褕泻懈薪邪	party_apparatus	1	1	1.0
携.袙. 袗锌褍褕泻懈薪邪	security_apparatus	1	1	1.0
携.袠. 袘芯谐芯屑芯谢褜薪芯谐芯	party_apparatus	1	2	0.5
携.袠. 袘芯谐芯屑芯谢褜薪芯谐芯	security_apparatus	1	2	0.5
携.袠. 袟邪泄写屑邪薪邪	party_apparatus	1	1	1.0
携.袠. 袟邪泄写屑邪薪邪	security_apparatus	1	1	1.0
携.袣. 携谐谢芯屑邪	international	1	1	1.0
携.袣. 携谐谢芯屑邪	party_apparatus	1	1	1.0
携.袣. 携谐谢芯屑邪	security_apparatus	1	1	1.0
携.袦. 校褉邪薪芯胁褋泻芯谐芯	party_apparatus	1	1	1.0
携.袦. 校褉邪薪芯胁褋泻芯谐芯	security_apparatus	1	1	1.0
携.袧. 袙械褔械褉泻芯胁褋泻芯谐芯	press_media	1	3	0.3333
携.袩. 袚邪谢褜锌械褉懈薪邪	party_apparatus	1	1	1.0
携.袩. 袚邪谢褜锌械褉懈薪邪	press_media	1	1	1.0
携.袩. 袚邪谢褜锌械褉懈薪邪	security_apparatus	1	1	1.0
携.袩. 袧芯胁懈泻芯胁邪	security_apparatus	1	1	1.0
携.小. 袪芯蟹邪薪芯胁邪	security_apparatus	1	5	0.2
携.小. 袪芯蟹邪薪芯胁褘屑	party_apparatus	1	2	0.5
携.肖. 袚芯褉芯写械褑泻芯谐芯	party_apparatus	1	1	1.0
携.肖. 袚芯褉芯写械褑泻芯谐芯	security_apparatus	1	1	1.0
携.肖. 楔邪褉芯胁邪	security_apparatus	1	1	1.0
携.啸. 袩械褌械褉褋邪	party_apparatus	1	1	1.0
携.协. 袪褍写蟹褍褌邪泻褍	party_apparatus	1	1	1.0
携.协. 小褌褝薪邪	party_apparatus	1	1	1.0
携.协. 小褌褝薪邪	security_apparatus	1	1	1.0
携.挟. 啸邪褉懈褌邪	party_apparatus	1	1	1.0
携.挟. 啸邪褉懈褌邪	press_media	1	1	1.0
携.挟. 啸邪褉懈褌邪	security_apparatus	1	1	1.0
携.携. 校锌屑邪谢-袗薪谐邪褉褋泻懈泄	press_media	1	2	0.5
