document_type	sample_no	document_post_id	content_chars	content_words	primary_process	document_title	sample_path	document_url
special_report	1	3390	398	60	ПРОЦЕСС “МОСКОВСКОГО ЦЕНТРА”	Спецсообщение Г.Г. Ягоды И.В. Сталину об аресте М.М. Харитонова	/srv/projects/showtrials-discovery/structural_samples_d2_1/special_report/01_3390_._._._._._..txt	http://showtrials.ru/speczsoobshhenie-g-g-yagody-i-v-stalinu-ob-areste-m-m-haritonova/
special_report	2	5809	8896	1314	ПРОЦЕСС 23-29 ЯНВАРЯ 1937 г.	Спецсообщение Г.Г. Ягоды Н.И. Ежову с приложением протокола допроса Б.И. Кузьмичева	/srv/projects/showtrials-discovery/structural_samples_d2_1/special_report/02_5809_._._._._._..txt	http://showtrials.ru/speczsoobshhenie-g-g-yagody-n-i-ezhovu-s-prilozheniem-protokola-doprosa-b-i-kuzmicheva-2/
special_report	3	7582	14760	2342	ПРОЦЕСС 23-29 ЯНВАРЯ 1937 г.	Спецсообщение Н.И. Ежова И.В. Сталину с приложением протокола допроса Я.А. Лившица	/srv/projects/showtrials-discovery/structural_samples_d2_1/special_report/03_7582_._._._._._..txt	http://showtrials.ru/speczsoobshhenie-n-i-ezhova-i-v-stalinu-s-prilozheniem-protokola-doprosa-ya-a-livshicza-2/
special_report	4	6206	23060	3410	ПРОЦЕСС 23-29 ЯНВАРЯ 1937 г.	Спецсообщение Н.И. Ежова И.В. Сталину с приложением протокола допроса Ю.М. Коцюбинского	/srv/projects/showtrials-discovery/structural_samples_d2_1/special_report/04_6206_._._._._._..txt	http://showtrials.ru/speczsoobshhenie-n-i-ezhova-i-v-stalinu-s-prilozheniem-protokola-doprosa-yu-m-koczyubinskogo-3/
special_report	5	7995	179437	24651	ПРОЦЕСС 2-12 МАРТА 1938 г.	Спецсообщение Н.И. Ежова И.В. Сталину с приложением тюремных записок В.В. Кузьмина	/srv/projects/showtrials-discovery/structural_samples_d2_1/special_report/05_7995_._._._._._..txt	http://showtrials.ru/speczsoobshhenie-n-i-ezhova-i-v-stalinu-s-prilozheniem-tyuremnyh-zapisok-v-v-kuzmina/
special_report	6	8173	158588	21567	ПРОЦЕСС 19-23 АВГУСТА 1936 г.	Спецсообщение Г.Г. Ягоды И.В. Сталину о троцкистской группе И.Н. Смирнова с приложением списков троцкистов	/srv/projects/showtrials-discovery/structural_samples_d2_1/special_report/06_8173_._._._._._..txt	http://showtrials.ru/speczsoobshhenie-g-g-yagody-i-v-stalinu-o-troczkistskoj-gruppe-i-n-smirnova-s-prilozheniem-spiskov-troczkistov/
special_report	7	8849	105764	14417	ПРОЦЕСС 2-12 МАРТА 1938 г.	Спецсообщение Н.И. Ежова И.В. Сталину с приложением “Тезисов о современном положении и задачах партии”	/srv/projects/showtrials-discovery/structural_samples_d2_1/special_report/07_8849_._._._..txt	http://showtrials.ru/speczsoobshhenie-n-i-ezhova-i-v-stalinu-s-prilozheniem-tezisov-o-sovremennom-polozhenii-i-zadachah-partii/
special_report	8	10470	81158	10727	ПРОЦЕСС 19-23 АВГУСТА 1936 г.	Спецсообщение Я.С. Агранова И.В. Сталину с приложением меморандума по делу арестованных троцкистов	/srv/projects/showtrials-discovery/structural_samples_d2_1/special_report/08_10470_._._._..txt	http://showtrials.ru/speczsoobshhenie-ya-s-agranova-i-v-stalinu-s-prilozheniem-memoranduma-po-delu-arestovannyh-troczkistov/
interrogation_protocol	1	3133	443	75	ПРОЦЕСС “ЛЕНИНГРАДСКОГО ЦЕНТРА”	Протокол допроса И.И. Котолынова	/srv/projects/showtrials-discovery/structural_samples_d2_1/interrogation_protocol/01_3133_._..txt	http://showtrials.ru/protokol-doprosa-i-i-kotolynova-11/
interrogation_protocol	2	3182	2741	416	ПРОЦЕСС “ЛЕНИНГРАДСКОГО ЦЕНТРА”	Протокол допроса Л.В. Николаева	/srv/projects/showtrials-discovery/structural_samples_d2_1/interrogation_protocol/02_3182_._..txt	http://showtrials.ru/protokol-doprosa-l-v-nikolaeva-37/
interrogation_protocol	3	3959	5406	848	ПРОЦЕСС “МОСКОВСКОГО ЦЕНТРА”	Протокол допроса А.К. Середохина	/srv/projects/showtrials-discovery/structural_samples_d2_1/interrogation_protocol/03_3959_._..txt	http://showtrials.ru/protokol-doprosa-a-k-seredohina/
interrogation_protocol	4	5653	9554	1424	ПРОЦЕСС 19-23 АВГУСТА 1936 г.	Протокол допроса Я.П. Гальперина	/srv/projects/showtrials-discovery/structural_samples_d2_1/interrogation_protocol/04_5653_._..txt	http://showtrials.ru/protokol-doprosa-ya-p-galperina/
interrogation_protocol	5	5863	64769	9705	ПРОЦЕСС 23-29 ЯНВАРЯ 1937 г.	Протокол допроса М.С. Строилова	/srv/projects/showtrials-discovery/structural_samples_d2_1/interrogation_protocol/05_5863_._..txt	http://showtrials.ru/protokol-doprosa-m-s-stroilova/
interrogation_protocol	6	5879	45255	6687	ПРОЦЕСС 23-29 ЯНВАРЯ 1937 г.	Протокол допроса М.С. Строилова	/srv/projects/showtrials-discovery/structural_samples_d2_1/interrogation_protocol/06_5879_._..txt	http://showtrials.ru/protokol-doprosa-m-s-stroilova-2/
interrogation_protocol	7	8702	42797	6338	ПРОЦЕСС 2-12 МАРТА 1938 г.	Протокол допроса Н.И. Бухарина	/srv/projects/showtrials-discovery/structural_samples_d2_1/interrogation_protocol/07_8702_._..txt	http://showtrials.ru/protokol-doprosa-n-i-buharina/
interrogation_protocol	8	5850	39321	5838	ПРОЦЕСС 23-29 ЯНВАРЯ 1937 г.	Протокол допроса Я.И. Зайдмана	/srv/projects/showtrials-discovery/structural_samples_d2_1/interrogation_protocol/08_5850_._..txt	http://showtrials.ru/protokol-doprosa-ya-i-zajdmana/
session_transcript	1	2538	1793	232	ПРОЦЕСС 23-29 ЯНВАРЯ 1937 г.	27 ЯНВАРЯ – ВЕЧЕРНЕЕ ЗАКРЫТОЕ ЗАСЕДАНИЕ	/srv/projects/showtrials-discovery/structural_samples_d2_1/session_transcript/01_2538_27.txt	http://showtrials.ru/27-yanvarya-vechernee-zakrytoe-zasedanie/
session_transcript	2	9420	26153	4054	КРЕМЛЕВСКОЕ ДЕЛО	Фрагмент стенограммы заседания парткома ИККИ	/srv/projects/showtrials-discovery/structural_samples_d2_1/session_transcript/02_9420_sample.txt	http://showtrials.ru/fragment-stenogrammy-zasedaniya-partkoma-ikki/
session_transcript	3	2526	109501	16398	ПРОЦЕСС 23-29 ЯНВАРЯ 1937 г.	26 ЯНВАРЯ – УТРЕННЕЕ ЗАСЕДАНИЕ	/srv/projects/showtrials-discovery/structural_samples_d2_1/session_transcript/03_2526_26.txt	http://showtrials.ru/26-yanvarya-utrennee-zasedanie/
session_transcript	4	2478	145161	22083	ПРОЦЕСС 19-23 АВГУСТА 1936 г.	21 АВГУСТА – УТРЕННЕЕ ЗАСЕДАНИЕ	/srv/projects/showtrials-discovery/structural_samples_d2_1/session_transcript/04_2478_21.txt	http://showtrials.ru/21-avgusta-utrennee-zasedanie/
session_transcript	5	2644	298447	45514	ПРОЦЕСС “МОСКОВСКОГО ЦЕНТРА”	ЗАСЕДАНИЕ 15 ЯНВАРЯ 1935 г.	/srv/projects/showtrials-discovery/structural_samples_d2_1/session_transcript/05_2644_15_1935_..txt	http://showtrials.ru/zasedanie-15-yanvarya-1935-g/
session_transcript	6	2618	262901	39450	ПРОЦЕСС “ЛЕНИНГРАДСКОГО ЦЕНТРА”	ЗАСЕДАНИЕ 28 ДЕКАБРЯ 1934 Г.	/srv/projects/showtrials-discovery/structural_samples_d2_1/session_transcript/06_2618_28_1934_..txt	http://showtrials.ru/zasedanie-voennogo-tribunala-verhovnogo-suda-sssr-28-dekabrya-1934-g/
session_transcript	7	2645	217431	33569	ПРОЦЕСС “МОСКОВСКОГО ЦЕНТРА”	ЗАСЕДАНИЕ 16 ЯНВАРЯ 1935 г.	/srv/projects/showtrials-discovery/structural_samples_d2_1/session_transcript/07_2645_16_1935_..txt	http://showtrials.ru/zasedanie-16-yanvarya-1935-g/
session_transcript	8	2539	203751	28808	ПРОЦЕСС 23-29 ЯНВАРЯ 1937 г.	28 ЯНВАРЯ – ДНЕВНОЕ И ВЕЧЕРНЕЕ ЗАСЕДАНИЯ	/srv/projects/showtrials-discovery/structural_samples_d2_1/session_transcript/08_2539_28.txt	http://showtrials.ru/28-yanvarya-dnevnoe-i-vechernee-zasedaniya/
letter	1	4801	264	45	ПРОЦЕСС “МОСКОВСКОГО ЦЕНТРА”	Письмо жены А.С. Куклина А.Н. Поскребышеву	/srv/projects/showtrials-discovery/structural_samples_d2_1/letter/01_4801_._._._..txt	http://showtrials.ru/pismo-zheny-a-s-kuklina-a-n-poskrebyshevu/
letter	2	3400	1397	213	ПРОЦЕСС “МОСКОВСКОГО ЦЕНТРА”	Письмо Г.Я. Сокольникова И.В. Сталину с объяснениями по поводу показаний И.К. Наумова	/srv/projects/showtrials-discovery/structural_samples_d2_1/letter/02_3400_._._._._._..txt	http://showtrials.ru/pismo-g-ya-sokolnikova-i-v-stalinu-s-obyasneniyami-po-povodu-pokazanij-i-k-naumova/
letter	3	9143	2896	437	ПРОЦЕСС 19-23 АВГУСТА 1936 г.	Л.Л. Седов – В.П. Ольбергу	/srv/projects/showtrials-discovery/structural_samples_d2_1/letter/03_9143_._._._..txt	http://showtrials.ru/pismo-l-l-sedova-v-p-olbergu-17/
letter	4	10828	6721	1001	ПРОЦЕСС 19-23 АВГУСТА 1936 г.	Письмо В.П. Ольберга в правление немецкой объединенной левой оппозиции	/srv/projects/showtrials-discovery/structural_samples_d2_1/letter/04_10828_._..txt	http://showtrials.ru/pismo-v-p-olberga-v-pravlenie-nemeczkoj-obedinennoj-levoj-oppoziczii/
letter	5	5779	58553	9013	ПРОЦЕСС 19-23 АВГУСТА 1936 г.	Письмо А.Л. Леонтьева секретарю ЦК ВКП(б) и Председателю КПК при ЦК ВКП(б) Н.И. Ежову с приложением справки СПО ГУГБ НКВД СССР	/srv/projects/showtrials-discovery/structural_samples_d2_1/letter/05_5779_._._._..txt	http://showtrials.ru/pismo-a-l-leonteva-sekretaryu-czk-vkpb-i-predsedatelyu-kpk-pri-czk-vkpb-n-i-ezhovu-s-prilozheniem-spravki-spo-gugb-nkvd-sssr/
letter	6	5723	51694	7110	ПРОЦЕСС 19-23 АВГУСТА 1936 г.	Закрытое письмо ЦК ВКП(б) от 29 июля 1936 г.	/srv/projects/showtrials-discovery/structural_samples_d2_1/letter/06_5723_29_1936_..txt	http://showtrials.ru/zakrytoe-pismo-czk-vkpb-ot-29-iyulya-1936-g/
letter	7	10713	46577	6846	ПРОЦЕСС 19-23 АВГУСТА 1936 г.	Der Fall Valentin Olberg – неопубликованное открытое письмо К. Ландау П.К. Ольбергу о деле его сына	/srv/projects/showtrials-discovery/structural_samples_d2_1/letter/07_10713_Der_Fall_Valentin_Olberg_._._..txt	http://showtrials.ru/der-fall-valentin-olberg-neopublikovannoe-otkrytoe-pismo-k-landau-p-k-olbergu-o-dele-ego-syna/
letter	8	5766	35804	4712	ПРОЦЕСС 19-23 АВГУСТА 1936 г.	Закрытое письмо МК и МГК ВКП(б) о вскрытых фактах террористической деятельности контрреволюционного троцкистско-зиновьевского блока в. г. Москве и Московской области	/srv/projects/showtrials-discovery/structural_samples_d2_1/letter/08_5766_-_._..txt	http://showtrials.ru/zakrytoe-pismo-mk-i-mgk-vkpb-o-vskrytyh-faktah-terroristicheskoj-deyatelnosti-kontrrevolyuczionnogo-troczkistsko-zinovevskogo-bloka-v-g-moskve-i-moskovskoj-oblasti/
statement	1	5686	836	137	ПРОЦЕСС 23-29 ЯНВАРЯ 1937 г.	Заявление Д.А. Шмидта И.В. Сталину	/srv/projects/showtrials-discovery/structural_samples_d2_1/statement/01_5686_._._._..txt	http://showtrials.ru/zayavlenie-d-a-shmidta-i-v-stalinu/
statement	2	4547	2539	382	ПРОЦЕСС “МОСКОВСКОГО ЦЕНТРА”	Заявление Я.Р. Ельковича Я.С. Агранову и Административной комиссии НКВД	/srv/projects/showtrials-discovery/structural_samples_d2_1/statement/02_4547_._._._..txt	http://showtrials.ru/zayavlenie-ya-r-elkovicha-ya-s-agranovu-i-administrativnoj-komissii-nkvd/
statement	3	8253	5224	861	ПРОЦЕСС 2-12 МАРТА 1938 г.	Заявление Е.В. Цетлина в ЦК ВКП(б) И.В. Сталину	/srv/projects/showtrials-discovery/structural_samples_d2_1/statement/03_8253_._._._..txt	http://showtrials.ru/8253-2/
statement	4	11077	10417	1373	ПРОЦЕСС 19-23 АВГУСТА 1936 г.	Заявление Е.А. Преображенского, К.Б. Радека и И.Т. Смилги о разрыве с оппозицией	/srv/projects/showtrials-discovery/structural_samples_d2_1/statement/04_11077_._._._._._..txt	http://showtrials.ru/zayavlenie-e-a-preobrazhenskogo-k-b-radeka-i-i-t-smilgi-o-razryve-s-oppozicziej/
statement	5	5855	195887	28468	ПРОЦЕСС 23-29 ЯНВАРЯ 1937 г.	Заявление П.Ф. Сапожникова о деятельности организации правых	/srv/projects/showtrials-discovery/structural_samples_d2_1/statement/05_5855_._..txt	http://showtrials.ru/zayavlenie-p-f-sapozhnikova-o-deyatelnosti-organizaczii-pravyh/
statement	6	8690	152954	23811	ПРОЦЕСС 2-12 МАРТА 1938 г.	Заявление Н.И. Бухарина членам Пленума ЦК ВКП(б)	/srv/projects/showtrials-discovery/structural_samples_d2_1/statement/06_8690_._..txt	http://showtrials.ru/zayavlenie-n-i-buharina-chlenam-plenuma-czk-vkpb/
statement	7	5917	50157	7379	ПРОЦЕСС 23-29 ЯНВАРЯ 1937 г.	Заявление Ю.Л. Пятакова Народному комиссару внутренних дел СССР Н.И. Ежову	/srv/projects/showtrials-discovery/structural_samples_d2_1/statement/07_5917_._._._..txt	http://showtrials.ru/zayavlenie-yu-l-pyatakova-narodnomu-komissaru-vnutrennih-del-sssr-n-i-ezhovu/
statement	8	7665	41282	6062	ПРОЦЕСС 2-12 МАРТА 1938 г.	Заявление В.В. Шмидта И.В. Сталину и Н.И. Ежову	/srv/projects/showtrials-discovery/structural_samples_d2_1/statement/08_7665_._._._._._..txt	http://showtrials.ru/zayavlenie-v-v-shmidta-i-v-stalinu-i-n-i-ezhovu/
conversation_recording	1	8440	1766	317	ПРОЦЕСС 2-12 МАРТА 1938 г.	Запись разговоров по объекту “В-87”	/srv/projects/showtrials-discovery/structural_samples_d2_1/conversation_recording/01_8440_-87.txt	http://showtrials.ru/zapis-razgovorov-po-obektu-v-87-30/
conversation_recording	2	8355	5405	933	ПРОЦЕСС 2-12 МАРТА 1938 г.	Запись разговоров по объекту “В-87”	/srv/projects/showtrials-discovery/structural_samples_d2_1/conversation_recording/02_8355_-87.txt	http://showtrials.ru/zapis-razgovorov-po-obektu-v-87-6/
conversation_recording	3	8442	7694	1297	ПРОЦЕСС 2-12 МАРТА 1938 г.	Запись разговоров по объекту “В-87”	/srv/projects/showtrials-discovery/structural_samples_d2_1/conversation_recording/03_8442_-87.txt	http://showtrials.ru/zapis-razgovorov-po-obektu-v-87-31/
conversation_recording	4	8420	13626	2293	ПРОЦЕСС 2-12 МАРТА 1938 г.	Запись разговоров по объекту “В-87”	/srv/projects/showtrials-discovery/structural_samples_d2_1/conversation_recording/04_8420_-87.txt	http://showtrials.ru/zapis-razgovorov-po-obektu-v-87-20/
conversation_recording	5	8430	48430	8099	ПРОЦЕСС 2-12 МАРТА 1938 г.	Запись разговоров по объекту “В-87”	/srv/projects/showtrials-discovery/structural_samples_d2_1/conversation_recording/05_8430_-87.txt	http://showtrials.ru/zapis-razgovorov-po-obektu-v-87-25/
conversation_recording	6	8422	31525	5247	ПРОЦЕСС 2-12 МАРТА 1938 г.	Запись разговоров по объекту “В-87”	/srv/projects/showtrials-discovery/structural_samples_d2_1/conversation_recording/06_8422_-87.txt	http://showtrials.ru/zapis-razgovorov-po-obektu-v-87-21/
conversation_recording	7	8424	20069	3382	ПРОЦЕСС 2-12 МАРТА 1938 г.	Запись разговоров по объекту “В-87”	/srv/projects/showtrials-discovery/structural_samples_d2_1/conversation_recording/07_8424_-87.txt	http://showtrials.ru/zapis-razgovorov-po-obektu-v-87-22/
conversation_recording	8	8407	19560	3313	ПРОЦЕСС 2-12 МАРТА 1938 г.	Запись разговоров по объекту “В-87”	/srv/projects/showtrials-discovery/structural_samples_d2_1/conversation_recording/08_8407_-87.txt	http://showtrials.ru/zapis-razgovorov-po-obektu-v-87-16/
testimony	1	4093	493	81	ПРОЦЕСС “МОСКОВСКОГО ЦЕНТРА”	Показания А.И. Анишева	/srv/projects/showtrials-discovery/structural_samples_d2_1/testimony/01_4093_._..txt	http://showtrials.ru/pokazaniya-a-i-anisheva-3/
testimony	2	1632	1942	301	ПРОЦЕСС “ЛЕНИНГРАДСКОГО ЦЕНТРА”	Дополнение к протоколу допроса А.В. Румянцева	/srv/projects/showtrials-discovery/structural_samples_d2_1/testimony/02_1632_._..txt	http://showtrials.ru/dopros-a-rumyanczeva-2-24-dekabrya-1934/
testimony	3	6918	4600	641	ПРОЦЕСС 23-29 ЯНВАРЯ 1937 г.	Показания обвиняемого С.А. Чихладзе	/srv/projects/showtrials-discovery/structural_samples_d2_1/testimony/03_6918_._..txt	http://showtrials.ru/pokazaniya-obvinyaemogo-s-a-chihladze-2/
testimony	4	8740	9034	1404	ПРОЦЕСС 2-12 МАРТА 1938 г.	Дополнительные показания Н.И. Бухарина	/srv/projects/showtrials-discovery/structural_samples_d2_1/testimony/04_8740_._..txt	http://showtrials.ru/dopolnitelnye-pokazaniya-n-i-buharina/
testimony	5	8725	54103	7698	ПРОЦЕСС 2-12 МАРТА 1938 г.	Показания Н.И. Бухарина	/srv/projects/showtrials-discovery/structural_samples_d2_1/testimony/05_8725_._..txt	http://showtrials.ru/pokazaniya-n-i-buharina/
testimony	6	8747	32959	4622	ПРОЦЕСС 2-12 МАРТА 1938 г.	Показания Н.И. Бухарина	/srv/projects/showtrials-discovery/structural_samples_d2_1/testimony/06_8747_._..txt	http://showtrials.ru/pokazaniya-n-i-buharina-2/
testimony	7	8783	19123	2992	ПРОЦЕСС 2-12 МАРТА 1938 г.	Показания Н.И. Бухарина	/srv/projects/showtrials-discovery/structural_samples_d2_1/testimony/07_8783_._..txt	http://showtrials.ru/pokazaniya-n-i-buharina-3/
testimony	8	4383	12418	1860	ПРОЦЕСС “МОСКОВСКОГО ЦЕНТРА”	Показания А.И. Александрова	/srv/projects/showtrials-discovery/structural_samples_d2_1/testimony/08_4383_._..txt	http://showtrials.ru/pokazaniya-a-i-aleksandrova/
confrontation_protocol	1	8486	1166	203	ПРОЦЕСС 2-12 МАРТА 1938 г.	Протокол очной ставки между Н.А. Углановым и Д.Ф. Бузиным	/srv/projects/showtrials-discovery/structural_samples_d2_1/confrontation_protocol/01_8486_._._._..txt	http://showtrials.ru/protokol-ochnoj-stavki-mezhdu-n-a-uglanovym-i-d-f-buzinym/
confrontation_protocol	2	4000	1776	291	ПРОЦЕСС “МОСКОВСКОГО ЦЕНТРА”	Протокол очной ставки между Г.Ф. Федоровым и А.С. Куклиным	/srv/projects/showtrials-discovery/structural_samples_d2_1/confrontation_protocol/02_4000_._._._..txt	http://showtrials.ru/protokol-ochnoj-stavki-mezhdu-g-f-fedorovym-i-a-s-kuklinym/
confrontation_protocol	3	5189	2053	302	КРЕМЛЕВСКОЕ ДЕЛО	Протокол очной ставки между Н.Н. Мищенко и П.Ф. Поляковым	/srv/projects/showtrials-discovery/structural_samples_d2_1/confrontation_protocol/03_5189_._._._..txt	http://showtrials.ru/protokol-ochnoj-stavki-mezhdu-n-n-mishhenko-i-p-f-polyakovym/
confrontation_protocol	4	4359	3636	526	ПРОЦЕСС “МОСКОВСКОГО ЦЕНТРА”	Протокол очной ставки между И.П. Бакаевым и Г.Е. Евдокимовым	/srv/projects/showtrials-discovery/structural_samples_d2_1/confrontation_protocol/04_4359_._._._..txt	http://showtrials.ru/protokol-ochnoj-stavki-mezhdu-i-p-bakaevym-i-g-e-evdokimovym/
confrontation_protocol	5	4423	53908	8424	ПРОЦЕСС “МОСКОВСКОГО ЦЕНТРА”	Протокол очной ставки между Г.Е. Зиновьевым и Г.И. Сафаровым	/srv/projects/showtrials-discovery/structural_samples_d2_1/confrontation_protocol/05_4423_._._._..txt	http://showtrials.ru/protokol-ochnoj-stavki-mezhdu-g-e-zinovevym-i-g-i-safarovym/
confrontation_protocol	6	8609	42832	6804	ПРОЦЕСС 2-12 МАРТА 1938 г.	Протокол очной ставки между Н.И. Бухариным и Е.Ф. Куликовым в ЦК ВКП(б)	/srv/projects/showtrials-discovery/structural_samples_d2_1/confrontation_protocol/06_8609_._._._..txt	http://showtrials.ru/protokol-ochnoj-stavki-mezhdu-n-i-buharinym-i-e-f-kulikovym-v-czk-vkpb/
confrontation_protocol	7	4435	34119	5221	ПРОЦЕСС “МОСКОВСКОГО ЦЕНТРА”	Протокол очной ставки между Г.Е. Евдокимовым и Г.Е. Зиновьевым	/srv/projects/showtrials-discovery/structural_samples_d2_1/confrontation_protocol/07_4435_._._._..txt	http://showtrials.ru/protokol-ochnoj-stavki-mezhdu-g-e-evdokimovym-i-g-e-zinovevym/
confrontation_protocol	8	5694	26931	4115	ПРОЦЕСС 19-23 АВГУСТА 1936 г.	Протокол очной ставки между И.П. Бакаевым и Н.А. Каревым	/srv/projects/showtrials-discovery/structural_samples_d2_1/confrontation_protocol/08_5694_._._._..txt	http://showtrials.ru/protokol-ochnoj-stavki-mezhdu-i-p-bakaevym-i-n-a-karevym/
memo_note	1	1625	510	69	ПРОЦЕСС “ЛЕНИНГРАДСКОГО ЦЕНТРА”	Записка Сталина 4 января 1935 о рассылке документов по делу А.В. Румянцева членам Политбюро ЦК ВКП(б)	/srv/projects/showtrials-discovery/structural_samples_d2_1/memo_note/01_1625_4_1935_._..txt	http://showtrials.ru/zapiska-stalina-4-yanvarya-1935/
memo_note	2	6680	1881	243	ПРОЦЕСС 23-29 ЯНВАРЯ 1937 г.	Записка по прямому проводу В.А. Балицкого Н.И. Ежову о показаниях на следствии И.М. Гуревича	/srv/projects/showtrials-discovery/structural_samples_d2_1/memo_note/02_6680_._._._._._..txt	http://showtrials.ru/zapiska-po-pryamomu-provodu-v-a-baliczkogo-n-i-ezhovu-o-pokazaniyah-i-m-gurevicha/
memo_note	3	9879	4738	653	КРЕМЛЕВСКОЕ ДЕЛО	Записка З.М. Беленького о результатах проверки научных учреждений, подведомственных ЦИК СССР	/srv/projects/showtrials-discovery/structural_samples_d2_1/memo_note/03_9879_._..txt	http://showtrials.ru/zapiska-z-m-belenkogo-o-rezultatah-proverki-nauchnyh-uchrezhdenij-podvedomstvennyh-czik-sssr/
memo_note	4	10574	9317	1383	ПРОЦЕСС 19-23 АВГУСТА 1936 г.	Записка заместителя заведующего Планфинторготделом ЦК ВКП(б) Д.С. Гуревича Н.И. Ежову с приложением материалов о В.Н. Яковлевой	/srv/projects/showtrials-discovery/structural_samples_d2_1/memo_note/04_10574_._._._._._..txt	http://showtrials.ru/zapiska-zamestitelya-zaveduyushhego-planfintorgotdelom-czk-vkpb-d-s-gurevicha-n-i-ezhovu-s-prilozheniem-materialov-o-v-n-yakovlevoj/
memo_note	5	5660	152053	21305	ПРОЦЕСС 19-23 АВГУСТА 1936 г.	Записка Г.Г. Ягоды И.В. Сталину с приложением справок на участников троцкистской организации и проекта постановления о предании их суду ВКВС СССР по закону от 1 декабря 1934 г.	/srv/projects/showtrials-discovery/structural_samples_d2_1/memo_note/05_5660_._._._._1_1934_..txt	http://showtrials.ru/zapiska-g-g-yagody-i-v-stalinu-s-prilozheniem-spravok-na-uchastnikov-troczkistskoj-organizaczii-i-proekta-postanovleniya-o-predanii-ih-sudu-vkvs-sssr-po-zakonu-ot-1-dekabrya-1934-g/
memo_note	6	4831	36829	5227	КРЕМЛЕВСКОЕ ДЕЛО	Записка Е.Д. Соколовой М.Ф. Шкирятову в КПК при ЦК ВКП(б) о положении в правительственной библиотеке с приложениями	/srv/projects/showtrials-discovery/structural_samples_d2_1/memo_note/06_4831_._._._..txt	http://showtrials.ru/zapiska-e-d-sokolovoj-m-f-shkiryatovu-v-kpk-pri-czk-vkpb-o-polozhenii-v-pravitelstvennoj-biblioteke-s-prilozheniyami/
memo_note	7	7820	23239	3598	ПРОЦЕСС 23-29 ЯНВАРЯ 1937 г.	Записка М.Д. Багирова И.В. Сталину о показаниях арестованных троцкистов на М.А. Нариманова	/srv/projects/showtrials-discovery/structural_samples_d2_1/memo_note/07_7820_._._._._._..txt	http://showtrials.ru/zapiska-m-d-bagirova-i-v-stalinu-o-pokazaniyah-arestovannyh-troczkistov-na-m-a-narimanova/
memo_note	8	6895	21082	2983	ПРОЦЕСС 23-29 ЯНВАРЯ 1937 г.	Докладная записка Л.П. Берии И.В. Сталину о разоблачении троцкистов-двурушников и ликвидации троцкистских групп.	/srv/projects/showtrials-discovery/structural_samples_d2_1/memo_note/08_6895_._._._._-_..txt	http://showtrials.ru/dokladnaya-zapiska-l-p-berii-i-v-stalinu-o-razoblachenii-troczkistov-dvurushnikov-i-likvidaczii-troczkistskih-grupp/
list	1	10647	1192	184	ПРОЦЕСС 19-23 АВГУСТА 1936 г.	Список корреспондентов иностранной прессы, допущенных на процесс августа 1936 года	/srv/projects/showtrials-discovery/structural_samples_d2_1/list/01_10647_1936.txt	http://showtrials.ru/spisok-korrespondentov-inostrannoj-pressy-dopushhennyh-na-proczess-avgusta-1936-goda/
list	2	4576	6289	888	ПРОЦЕСС “МОСКОВСКОГО ЦЕНТРА”	Дополнительный список арестованных по делу Л.В. Николаева	/srv/projects/showtrials-discovery/structural_samples_d2_1/list/02_4576_._..txt	http://showtrials.ru/dopolnitelnyj-spisok-arestovannyh-po-delu-l-v-nikolaeva/
list	3	1699	7535	1548	КРЕМЛЕВСКОЕ ДЕЛО	Список личного состава секретариата Президиума ЦИК Союза ССР	/srv/projects/showtrials-discovery/structural_samples_d2_1/list/03_1699_sample.txt	http://showtrials.ru/spisok-lichnogo-sostava-czik/
list	4	4771	31539	4432	ПРОЦЕСС “МОСКОВСКОГО ЦЕНТРА”	Список активных зиновьевцев, троцкистов и шляпниковцев, подлежащих немедленному аресту	/srv/projects/showtrials-discovery/structural_samples_d2_1/list/04_4771_sample.txt	http://showtrials.ru/spisok-aktivnyh-zinovevczev-troczkistov-i-shlyapnikovczev-podlezhashhih-nemedlennomu-arestu/
list	5	4583	54365	7546	ПРОЦЕСС “МОСКОВСКОГО ЦЕНТРА”	Список лиц, арестованных по делу “террористической зиновьевской организации”	/srv/projects/showtrials-discovery/structural_samples_d2_1/list/05_4583_sample.txt	http://showtrials.ru/spisok-licz-arestovannyh-po-delu-terroristicheskoj-zinovevskoj-organizaczii/
list	6	4665	39800	5749	ПРОЦЕСС “МОСКОВСКОГО ЦЕНТРА”	Список арестованных по состоянию на 20 января 1935 г.	/srv/projects/showtrials-discovery/structural_samples_d2_1/list/06_4665_20_1935_..txt	http://showtrials.ru/spisok-arestovannyh-po-sostoyaniyu-na-20-yanvarya-1935-g/
list	7	4847	38406	4775	КРЕМЛЕВСКОЕ ДЕЛО	Список арестованных по делу контрреволюционных террористических групп в Кремле и вне Кремля	/srv/projects/showtrials-discovery/structural_samples_d2_1/list/07_4847_sample.txt	http://showtrials.ru/spisok-arestovannyh-po-delu-kontrrevolyuczionnyh-terroristicheskih-grupp-v-kremle-i-vne-kremlya/
list	8	4581	18777	2523	ПРОЦЕСС “МОСКОВСКОГО ЦЕНТРА”	Список лиц, проходящих по показаниям, но не арестованных	/srv/projects/showtrials-discovery/structural_samples_d2_1/list/08_4581_sample.txt	http://showtrials.ru/spisok-licz-prohodyashhih-po-pokazaniyam-no-ne-arestovannyh/
indictment	1	4462	24326	3367	ПРОЦЕСС “МОСКОВСКОГО ЦЕНТРА”	Проект обвинительного заключения по делу “московского центра”	/srv/projects/showtrials-discovery/structural_samples_d2_1/indictment/01_4462_sample.txt	http://showtrials.ru/proekt-obvinitelnogo-zaklyucheniya-po-delu-moskovskogo-czentra/
indictment	2	2617	28951	3985	ПРОЦЕСС “ЛЕНИНГРАДСКОГО ЦЕНТРА”	ОБВИНИТЕЛЬНОЕ ЗАКЛЮЧЕНИЕ	/srv/projects/showtrials-discovery/structural_samples_d2_1/indictment/02_2617_sample.txt	http://showtrials.ru/obvinitelnoe-zaklyuchenie/
indictment	3	7275	31044	4135	ПРОЦЕСС 23-29 ЯНВАРЯ 1937 г.	Проект обвинительного заключения по делу “параллельного троцкистского центра”	/srv/projects/showtrials-discovery/structural_samples_d2_1/indictment/03_7275_sample.txt	http://showtrials.ru/proekt-obvinitelnogo-zaklyucheniya-po-delu-parallelnogo-troczkistskogo-czentra/
indictment	4	7300	32121	4388	ПРОЦЕСС 23-29 ЯНВАРЯ 1937 г.	Обвинительное заключение по делу “параллельного антисоветского троцкистского центра”	/srv/projects/showtrials-discovery/structural_samples_d2_1/indictment/04_7300_sample.txt	http://showtrials.ru/obvinitelnoe-zaklyuchenie-po-delu-parallelnogo-antisovetskogo-troczkistskogo-czentra/
indictment	5	6762	54006	7424	ПРОЦЕСС 19-23 АВГУСТА 1936 г.	Проект обвинительного заключения по делу “троцкистско-зиновьевского террористического центра”	/srv/projects/showtrials-discovery/structural_samples_d2_1/indictment/05_6762_-.txt	http://showtrials.ru/proekt-obvinitelnogo-zaklyucheniya-po-delu-troczkistsko-zinovevskogo-terroristicheskogo-czentra/
press_summary	1	2488	34130	5511	ПРОЦЕСС 19-23 АВГУСТА 1936 г.	ОТЧЕТ О ХОДЕ ПРОЦЕССА ПО МАТЕРИАЛАМ АГЕНТСТВА UNITED PRESS INTERNATIONAL	/srv/projects/showtrials-discovery/structural_samples_d2_1/press_summary/01_2488_UNITED_PRESS_INTERNATIONAL.txt	http://showtrials.ru/otchet-o-hode-proczessa-po-materialam-agentstva-united-press-international/
press_summary	2	2487	38218	6258	ПРОЦЕСС 19-23 АВГУСТА 1936 г.	ОТЧЕТ О ХОДЕ ПРОЦЕССА ПО МАТЕРИАЛАМ ГАЗЕТЫ THE NEW YORK TIMES	/srv/projects/showtrials-discovery/structural_samples_d2_1/press_summary/02_2487_THE_NEW_YORK_TIMES.txt	http://showtrials.ru/otchet-o-hode-proczessa-po-materialam-gazety-the-new-york-times/
press_summary	3	2486	38490	5202	ПРОЦЕСС 19-23 АВГУСТА 1936 г.	ОТЧЕТ О ХОДЕ ПРОЦЕССА ПО МАТЕРИАЛАМ ГАЗЕТЫ “ИЗВЕСТИЯ”	/srv/projects/showtrials-discovery/structural_samples_d2_1/press_summary/03_2486_sample.txt	http://showtrials.ru/otchet-o-hode-proczessa-po-materialam-gazety-izvestiya/
press_summary	4	2485	48440	6829	ПРОЦЕСС 19-23 АВГУСТА 1936 г.	ОТЧЕТ О ХОДЕ ПРОЦЕССА ПО МАТЕРИАЛАМ ГАЗЕТЫ “ПРАВДА”	/srv/projects/showtrials-discovery/structural_samples_d2_1/press_summary/04_2485_sample.txt	http://showtrials.ru/otchet-o-hode-proczessa-po-materialam-gazety-pravda/
reference_note	1	4781	1750	279	ПРОЦЕСС “МОСКОВСКОГО ЦЕНТРА”	Справка о ходе выселения из Ленинграда членов семей лиц, осужденных по делам “14”, “19” и “78”	/srv/projects/showtrials-discovery/structural_samples_d2_1/reference_note/01_4781_14_19_78.txt	http://showtrials.ru/spravka-o-hode-vyseleniya-iz-leningrada-chlenov-semej-licz-osuzhdennyh-po-delam-14-19-i-78/
reference_note	2	10505	2601	380	ПРОЦЕСС 19-23 АВГУСТА 1936 г.	Справка М.И. Гая о связях Д.С. Тайца	/srv/projects/showtrials-discovery/structural_samples_d2_1/reference_note/02_10505_._._._..txt	http://showtrials.ru/spravka-m-i-gaya-o-svyazyah-d-s-tajcza/
reference_note	3	2023	8064	1008	ПРОЦЕСС 19-23 АВГУСТА 1936 г.	Справка о вещественных и уликовых доказательствах, обнаруженных при ликвидации “троцкистско-националистической боевой организации”	/srv/projects/showtrials-discovery/structural_samples_d2_1/reference_note/03_2023_-.txt	http://showtrials.ru/spravka-o-veshhestvennyh-i-ulikovyh-dokazatelstvah-obnaruzhennyh-pri-likvidaczii-troczkistsko-naczionalisticheskoj-boevoj-organizaczii/
reference_note	4	1735	8863	1140	КРЕМЛЕВСКОЕ ДЕЛО	Справка по делу контрреволюционной террористической организации Л.Б. Каменева, Н.А. Розенфельд, Е.К. Мухановой и других	/srv/projects/showtrials-discovery/structural_samples_d2_1/reference_note/04_1735_._._._._._..txt	http://showtrials.ru/spravka-po-organizaczii-konecz-marta-1935/
reference_note	5	7681	20632	2993	ПРОЦЕСС 23-29 ЯНВАРЯ 1937 г.	Справка СПО ГУГБ НКВД СССР на В.Г. Яковенко	/srv/projects/showtrials-discovery/structural_samples_d2_1/reference_note/05_7681_._..txt	http://showtrials.ru/spravka-spo-gugb-nkvd-sssr-na-v-g-yakovenko/
reference_note	6	4849	49353	7010	КРЕМЛЕВСКОЕ ДЕЛО	Справка по “Кремлевскому делу” для подготовки доклада Н.И. Ежова на июньском пленуме ЦК 1935 г. с выдержками из показаний обвиняемых	/srv/projects/showtrials-discovery/structural_samples_d2_1/reference_note/06_4849_._._1935_..txt	http://showtrials.ru/spravka-po-kremlevskomu-delu-dlya-podgotovki-doklada-n-i-ezhova-na-iyunskom-plenume-czk-1935-g-s-vyderzhkami-iz-pokazanij-obvinyaemyh/
biographical_article	1	9470	188042	27232	СТАТЬИ	Георгий Борисович Синани-Скалов	/srv/projects/showtrials-discovery/structural_samples_d2_1/biographical_article/01_9470_-.txt	http://showtrials.ru/georgij-borisovich-sinani-skalov/
biographical_article	2	9366	250227	36433	СТАТЬИ	Валентин Ольберг	/srv/projects/showtrials-discovery/structural_samples_d2_1/biographical_article/02_9366_sample.txt	http://showtrials.ru/valentin-olberg/
